,Type,EDI_Std_Nomenclature,AISC_Manual_Label,T_F,W,A,d,ddet,bf,bfdet,tw,twdet,twdet/2,tf,tfdet,kdes,kdet,k1,bf/2tf,h/tw,Ix,Zx,Sx,rx,Iy,Zy,Sy,ry,J,Cw,Wno,Sw1,Qf,Qw,rts,ho,PA,PB,Lp,Lr,plastic,fcompact,wcompact
0,W,W44X335,W44X335,F,335.0,98.5,44.0,44      ,15.9,16      ,1.03,1      ,  1/2 ,1.77,1  3/4 ,2.56,2  5/8 ,1  5/16,4.50,38.0,31100.0,1620.0,1410.0,17.8,1200.0,236.0,150.0,3.49,74.7,535000,168,1180,278,805,4.24,42.2,132,148,12.327381756795633,38.78544387778705,6750.0,1,1
1,W,W44X290,W44X290,F,290.0,85.4,43.6,43  5/8 ,15.8,15  7/8 ,0.865,  7/8 ,  7/16,1.58,1  9/16,2.36,2  7/16,1  1/4 ,5.02,45.0,27000.0,1410.0,1240.0,17.8,1040.0,205.0,132.0,3.49,50.9,461000,166,1040,248,701,4.20,42.0,131,147,12.327381756795633,36.83983460709498,5875.0,1,1
2,W,W44X262,W44X262,F,262.0,77.2,43.3,43  1/4 ,15.8,15  3/4 ,0.785, 13/16,  7/16,1.42,1  7/16,2.20,2  1/4 ,1  3/16,5.57,49.6,24100.0,1270.0,1110.0,17.7,923.0,182.0,117.0,3.47,37.3,405000,165,928,223,630,4.17,41.9,131,147,12.25673773526672,35.6007309171208,5291.666666666667,1,1
3,W,W44X230,W44X230,F,230.0,67.8,42.9,42  7/8 ,15.8,15  3/4 ,0.710, 11/16,  3/8 ,1.22,1  1/4 ,2.01,2  1/16,1  3/16,6.45,54.8,20800.0,1100.0,971.0,17.5,796.0,157.0,101.0,3.43,24.9,346000,165,793,192,547,4.13,41.7,130,146,12.11544969220889,34.24271991405271,4583.333333333333,1,1
4,W,W40X593,W40X593,T,593.0,174.0,43.0,43      ,16.7,16  3/4 ,1.79,1 13/16, 15/16,3.23,3  1/4 ,4.41,4  1/2 ,2  1/8 ,2.58,19.1,50400.0,2760.0,2340.0,17.0,2520.0,481.0,302.0,3.8,445,997000,166,2240,479,1370,4.63,39.8,130,147,13.422364090493813,63.827718408159335,11500.0,1,1
5,W,W40X503,W40X503,T,503.0,148.0,42.1,42      ,16.4,16  3/8 ,1.54,1  9/16, 13/16,2.76,2  3/4 ,3.94,4      ,2      ,2.98,22.3,41600.0,2320.0,1980.0,16.8,2040.0,394.0,249.0,3.72,277,789000,161,1830,403,1150,4.50,39.3,129,145,13.139788004378154,55.17056957926673,9666.666666666666,1,1
6,W,W40X431,W40X431,T,431.0,127.0,41.3,41  1/4 ,16.2,16  1/4 ,1.34,1  5/16, 11/16,2.36,2  3/8 ,3.54,3  5/8 ,1  7/8 ,3.44,25.5,34800.0,1960.0,1690.0,16.6,1690.0,328.0,208.0,3.65,177,638000,158,1510,341,969,4.41,38.9,127,143,12.892533929026952,49.00416024953151,8166.666666666667,1,1
7,W,W40X397,W40X397,T,397.0,117.0,41.0,41      ,16.1,16  1/8 ,1.22,1  1/4 ,  5/8 ,2.20,2  3/16,3.38,3  1/2 ,1 13/16,3.66,28.0,32000.0,1800.0,1560.0,16.6,1540.0,300.0,191.0,3.64,142,579000,156,1380,318,891,4.38,38.8,126,142,12.857211918262495,46.61232540909247,7500.0,1,1
8,W,W40X372,W40X372,T,372.0,110.0,40.6,40  5/8 ,16.1,16  1/8 ,1.16,1  3/16,  5/8 ,2.05,2  1/16,3.23,3  5/16,1 13/16,3.93,29.5,29600.0,1680.0,1460.0,16.5,1420.0,277.0,177.0,3.6,116,528000,155,1280,295,829,4.33,38.6,125,141,12.715923875204664,44.37580408727239,7000.0,1,1
9,W,W40X362,W40X362,T,362.0,106.0,40.6,40  1/2 ,16.0,16      ,1.12,1  1/8 ,  9/16,2.01,2      ,3.19,3  1/4 ,1  3/4 ,3.99,30.5,28900.0,1640.0,1420.0,16.5,1380.0,270.0,173.0,3.6,109,513000,154,1240,289,808,4.33,38.6,125,141,12.715923875204664,43.96143342574296,6833.333333333333,1,1
10,W,W40X324,W40X324,F,324.0,95.3,40.2,40  1/8 ,15.9,15  7/8 ,1.00,1      ,  1/2 ,1.81,1 13/16,2.99,3  1/16,1 11/16,4.40,34.2,25600.0,1460.0,1280.0,16.4,1220.0,239.0,153.0,3.58,79.4,448000,153,1100,259,720,4.27,38.4,124,140,12.645279853675747,41.162777724752466,6083.333333333333,1,1
11,W,W40X297,W40X297,F,297.0,87.3,39.8,39  7/8 ,15.8,15  7/8 ,0.930, 15/16,  1/2 ,1.65,1  5/8 ,2.83,2 15/16,1 11/16,4.80,36.8,23200.0,1330.0,1170.0,16.3,1090.0,215.0,138.0,3.54,61.2,399000,151,982,234,652,4.22,38.2,123,139,12.50399181061792,39.25796618440931,5541.666666666667,1,1
12,W,W40X277,W40X277,F,277.0,81.5,39.7,39  3/4 ,15.8,15  7/8 ,0.830, 13/16,  7/16,1.58,1  9/16,2.76,2  7/8 ,1  5/8 ,5.03,41.2,21900.0,1250.0,1100.0,16.4,1040.0,204.0,132.0,3.58,51.5,379000,151,940,225,614,4.25,38.1,123,139,12.645279853675747,38.72314448715284,5208.333333333333,1,1
13,W,W40X249,W40X249,F,249.0,73.5,39.4,39  3/8 ,15.8,15  3/4 ,0.750,  3/4 ,  3/8 ,1.42,1  7/16,2.60,2 11/16,1  9/16,5.55,45.6,19600.0,1120.0,993.0,16.3,926.0,182.0,118.0,3.55,38.1,334000,150,841,203,551,4.21,38.0,122,138,12.539313821382377,37.110618031799376,4666.666666666667,1,1
14,W,W40X215,W40X215,F,215.0,63.5,39.0,39      ,15.8,15  3/4 ,0.650,  5/8 ,  5/16,1.22,1  1/4 ,2.40,2  1/2 ,1  9/16,6.45,52.6,16700.0,964.0,859.0,16.2,803.0,156.0,101.0,3.54,24.8,284000,149,719,175,473,4.19,37.8,122,138,12.50399181061792,35.559414361607686,4016.6666666666665,1,1
15,W,W40X199,W40X199,F,199.0,58.8,38.7,38  5/8 ,15.8,15  3/4 ,0.650,  5/8 ,  5/16,1.07,1  1/16,2.25,2  5/16,1  9/16,7.39,52.6,14900.0,869.0,770.0,16.0,695.0,137.0,88.2,3.45,18.3,246000,149,628,153,427,4.12,37.6,121,137,12.186093713737804,34.25194579878097,3620.8333333333335,1,1
16,W,W40X392,W40X392,T,392.0,116.0,41.6,41  5/8 ,12.4,12  3/8 ,1.42,1  7/16,  3/4 ,2.52,2  1/2 ,3.70,3 13/16,1 15/16,2.45,24.1,29900.0,1710.0,1440.0,16.1,803.0,212.0,130.0,2.64,172,306000,121,946,270,848,3.30,39.1,116,128,9.325010841816754,38.27152840570469,7125.0,1,1
17,W,W40X331,W40X331,T,331.0,97.7,40.8,40  3/4 ,12.2,12  1/8 ,1.22,1  1/4 ,  5/8 ,2.13,2  1/8 ,3.31,3  3/8 ,1 13/16,2.86,28.0,24700.0,1430.0,1210.0,15.9,644.0,172.0,106.0,2.57,105,241000,118,766,226,706,3.21,38.7,114,126,9.077756766465553,33.70636704358792,5958.333333333333,1,1
18,W,W40X327,W40X327,T,327.0,95.9,40.8,40  3/4 ,12.1,12  1/8 ,1.18,1  3/16,  5/8 ,2.13,2  1/8 ,3.31,3  3/8 ,1 13/16,2.85,29.0,24500.0,1410.0,1200.0,16.0,640.0,170.0,105.0,2.58,103,239000,117,754,225,695,3.21,38.7,114,126,9.11307877723001,33.599328552757484,5875.0,1,1
19,W,W40X294,W40X294,F,294.0,86.2,40.4,40  3/8 ,12.0,12      ,1.06,1  1/16,  9/16,1.93,1 15/16,3.11,3  3/16,1  3/4 ,3.11,32.2,21900.0,1270.0,1080.0,15.9,562.0,150.0,93.5,2.55,76.6,208000,115,668,203,622,3.16,38.5,113,125,9.007112744936636,31.44724194422874,5291.666666666667,1,1
20,W,W40X278,W40X278,F,278.0,82.3,40.2,40  1/8 ,12.0,12      ,1.03,1      ,  1/2 ,1.81,1 13/16,2.99,3  1/16,1  3/4 ,3.31,33.3,20500.0,1190.0,1020.0,15.8,521.0,140.0,87.1,2.52,65.0,192000,115,622,190,587,3.13,38.4,112,124,8.901146712643266,30.3628283361948,4958.333333333333,1,1
21,W,W40X264,W40X264,F,264.0,77.4,40.0,40      ,11.9,11  7/8 ,0.960, 15/16,  1/2 ,1.73,1  3/4 ,2.91,3      ,1 11/16,3.45,35.6,19400.0,1130.0,971.0,15.8,493.0,132.0,82.6,2.52,56.1,181000,114,589,182,555,3.12,38.3,112,124,8.901146712643266,29.619209644434388,4708.333333333333,1,1
22,W,W40X235,W40X235,F,235.0,69.1,39.7,39  3/4 ,11.9,11  7/8 ,0.830, 13/16,  7/16,1.58,1  9/16,2.76,2  7/8 ,1  5/8 ,3.77,41.2,17400.0,1010.0,875.0,15.9,444.0,118.0,74.6,2.54,41.3,161000,113,530,166,495,3.11,38.1,111,123,8.97179073417218,28.378616816824632,4208.333333333333,1,1
23,W,W40X211,W40X211,F,211.0,62.1,39.4,39  3/8 ,11.8,11  3/4 ,0.750,  3/4 ,  3/8 ,1.42,1  7/16,2.60,2 11/16,1  9/16,4.17,45.6,15500.0,906.0,786.0,15.8,390.0,105.0,66.1,2.51,30.4,141000,112,468,148,442,3.07,38.0,110,122,8.865824701878806,27.09517144403111,3775.0,1,1
24,W,W40X183,W40X183,F,183.0,53.3,39.0,39      ,11.8,11  3/4 ,0.650,  5/8 ,  5/16,1.20,1  3/16,2.38,2  1/2 ,1  9/16,4.92,52.6,13200.0,774.0,675.0,15.7,331.0,88.3,56.0,2.49,19.3,118000,112,395,126,376,3.04,37.8,110,122,8.795180680349894,25.770096969553475,3225.0,1,1
25,W,W40X167,W40X167,F,167.0,49.3,38.6,38  5/8 ,11.8,11  3/4 ,0.650,  5/8 ,  5/16,1.03,1      ,2.21,2  5/16,1  9/16,5.76,52.6,11600.0,693.0,600.0,15.3,283.0,76.0,47.9,2.4,14.0,99700,111,336,107,336,2.98,37.6,109,121,8.477282583469776,24.729647612427453,2887.5,1,1
26,W,W40X149,W40X149,F,149.0,43.8,38.2,38  1/4 ,11.8,11  3/4 ,0.630,  5/8 ,  5/16,0.830, 13/16,2.01,2  1/8 ,1  1/2 ,7.11,54.3,9800.0,598.0,513.0,15.0,229.0,62.2,38.8,2.29,9.36,80000,110,270,86.7,288,2.89,37.4,108,120,8.088740465060745,23.48534968676239,2491.6666666666665,1,1
27,W,W36X652,W36X652,T,652.0,192.0,41.1,41      ,17.6,17  5/8 ,1.97,2      ,1      ,3.54,3  9/16,4.49,4 13/16,2  3/16,2.48,16.3,50600.0,2910.0,2460.0,16.2,3230.0,581.0,367.0,4.1,593,1130000,165,2560,518,1450,4.96,37.6,129,147,14.482024413427533,77.70876955090465,12125.0,1,1
28,W,W36X529,W36X529,T,529.0,156.0,39.8,39  3/4 ,17.2,17  1/4 ,1.61,1  5/8 , 13/16,2.91,2 15/16,3.86,4  3/16,2      ,2.96,19.9,39600.0,2330.0,1990.0,16.0,2490.0,454.0,289.0,4.0,327,846000,159,1990,419,1160,4.80,36.9,127,144,14.128804305782962,64.26822341368144,9708.333333333334,1,1
29,W,W36X487,W36X487,T,487.0,143.0,39.3,39  3/8 ,17.1,17  1/8 ,1.50,1  1/2 ,  3/4 ,2.68,2 11/16,3.63,4      ,1  7/8 ,3.19,21.4,36000.0,2130.0,1830.0,15.8,2250.0,412.0,263.0,3.96,258,754000,157,1800,383,1060,4.74,36.6,125,142,13.98751626272513,59.893489872941124,8875.0,1,1
30,W,W36X441,W36X441,T,441.0,130.0,38.9,38  7/8 ,17.0,17      ,1.36,1  3/8 , 11/16,2.44,2  7/16,3.39,3  3/4 ,1  7/8 ,3.48,23.6,32100.0,1910.0,1650.0,15.7,1990.0,368.0,235.0,3.92,194,661000,154,1600,347,950,4.69,36.5,124,141,13.846228219667301,55.4248842519745,7958.333333333333,1,1
31,W,W36X395,W36X395,T,395.0,116.0,38.4,38  3/8 ,16.8,16  7/8 ,1.22,1  1/4 ,  5/8 ,2.20,2  3/16,3.15,3  7/16,1 13/16,3.83,26.3,28500.0,1710.0,1490.0,15.7,1750.0,325.0,208.0,3.88,142,575000,152,1410,311,847,4.61,36.2,123,140,13.70494017660947,50.85471479388181,7125.0,1,1
32,W,W36X361,W36X361,T,361.0,106.0,38.0,38      ,16.7,16  3/4 ,1.12,1  1/8 ,  9/16,2.01,2      ,2.96,3  5/16,1  3/4 ,4.16,28.6,25700.0,1550.0,1350.0,15.6,1570.0,293.0,188.0,3.85,109,509000,150,1270,282,767,4.58,36.0,122,139,13.5989741443161,48.095095732291874,6458.333333333333,1,1
33,W,W36X330,W36X330,F,330.0,96.9,37.7,37  5/8 ,16.6,16  5/8 ,1.02,1      ,  1/2 ,1.85,1  7/8 ,2.80,3  1/8 ,1  3/4 ,4.49,31.4,23300.0,1410.0,1240.0,15.5,1420.0,265.0,171.0,3.83,84.3,456000,149,1150,259,698,4.53,35.9,121,138,13.528330122787183,45.40140808832002,5875.0,1,1
34,W,W36X302,W36X302,F,302.0,89.0,37.3,37  3/8 ,16.7,16  5/8 ,0.945, 15/16,  1/2 ,1.68,1 11/16,2.63,3      ,1 11/16,4.96,33.9,21100.0,1280.0,1130.0,15.4,1300.0,241.0,156.0,3.82,64.3,412000,148,1040,235,635,4.53,35.6,121,138,13.493008112022727,43.56340701396761,5333.333333333333,1,1
35,W,W36X282,W36X282,F,282.0,82.9,37.1,37  1/8 ,16.6,16  5/8 ,0.885,  7/8 ,  7/16,1.57,1  9/16,2.52,2  7/8 ,1  5/8 ,5.29,36.2,19600.0,1190.0,1050.0,15.4,1200.0,223.0,144.0,3.8,52.7,378000,147,960,219,591,4.50,35.5,120,137,13.422364090493813,42.136552304717576,4958.333333333333,1,1
36,W,W36X262,W36X262,F,262.0,77.2,36.9,36  7/8 ,16.6,16  1/2 ,0.840, 13/16,  7/16,1.44,1  7/16,2.39,2  3/4 ,1  5/8 ,5.75,38.2,17900.0,1100.0,972.0,15.3,1090.0,204.0,132.0,3.76,41.6,342000,147,873,200,543,4.46,35.5,120,137,13.281076047435981,40.495677180105574,4583.333333333333,1,1
37,W,W36X247,W36X247,F,247.0,72.5,36.7,36  5/8 ,16.5,16  1/2 ,0.800, 13/16,  7/16,1.35,1  3/8 ,2.30,2  5/8 ,1  5/8 ,6.11,40.1,16700.0,1030.0,913.0,15.2,1010.0,190.0,123.0,3.74,34.7,316000,146,812,187,509,4.42,35.4,120,136,13.21043202590707,39.342557706100884,4291.666666666667,1,1
38,W,W36X231,W36X231,F,231.0,68.2,36.5,36  1/2 ,16.5,16  1/2 ,0.760,  3/4 ,  3/8 ,1.26,1  1/4 ,2.21,2  9/16,1  9/16,6.54,42.2,15600.0,963.0,854.0,15.1,940.0,176.0,114.0,3.71,28.7,292000,145,756,175,476,4.40,35.2,120,136,13.104465993613696,38.460635833451626,4012.5,1,1
39,W,W36X256,W36X256,F,256.0,75.3,37.4,37  3/8 ,12.2,12  1/4 ,0.960, 15/16,  1/2 ,1.73,1  3/4 ,2.48,2  5/8 ,1  5/16,3.53,33.8,16800.0,1040.0,895.0,14.9,528.0,137.0,86.5,2.65,52.9,168000,109,576,174,516,3.24,35.7,108,120,9.36033285258121,31.412609505759917,4333.333333333333,1,1
40,W,W36X232,W36X232,F,232.0,68.0,37.1,37  1/8 ,12.1,12  1/8 ,0.870,  7/8 ,  7/16,1.57,1  9/16,2.32,2  7/16,1  1/4 ,3.86,37.3,15000.0,936.0,809.0,14.8,468.0,122.0,77.2,2.62,39.6,148000,108,512,157,464,3.21,35.5,108,120,9.25436682028784,29.903959643027722,3900.0,1,1
41,W,W36X210,W36X210,F,210.0,61.9,36.7,36  3/4 ,12.2,12  1/8 ,0.830, 13/16,  7/16,1.36,1  3/8 ,2.11,2  5/16,1  1/4 ,4.48,39.1,13200.0,833.0,719.0,14.6,411.0,107.0,67.5,2.58,28.0,128000,108,446,136,412,3.18,35.3,107,119,9.11307877723001,28.432313615671763,3470.8333333333335,1,1
42,W,W36X194,W36X194,F,194.0,57.0,36.5,36  1/2 ,12.1,12  1/8 ,0.765,  3/4 ,  3/8 ,1.26,1  1/4 ,2.01,2  3/16,1  3/16,4.81,42.4,12100.0,767.0,664.0,14.6,375.0,97.7,61.9,2.56,22.2,116000,107,407,126,379,3.15,35.2,107,119,9.042434755701095,27.51358746770497,3195.8333333333335,1,1
43,W,W36X182,W36X182,F,182.0,53.6,36.3,36  3/8 ,12.1,12  1/8 ,0.725,  3/4 ,  3/8 ,1.18,1  3/16,1.93,2  1/8 ,1  3/16,5.12,44.8,11300.0,718.0,623.0,14.5,347.0,90.7,57.6,2.55,18.5,107000,106,378,118,355,3.13,35.1,106,118,9.007112744936636,26.904926497109,2991.6666666666665,1,1
44,W,W36X170,W36X170,F,170.0,50.0,36.2,36  1/8 ,12.0,12      ,0.680, 11/16,  3/8 ,1.10,1  1/8 ,1.85,2      ,1  3/16,5.47,47.7,10500.0,668.0,581.0,14.5,320.0,83.8,53.2,2.53,15.1,98500,105,349,109,330,3.11,35.1,106,118,8.936468723407723,26.297893065842,2783.3333333333335,1,1
45,W,W36X160,W36X160,F,160.0,47.0,36.0,36      ,12.0,12      ,0.650,  5/8 ,  5/16,1.02,1      ,1.77,1 15/16,1  1/8 ,5.88,49.9,9760.0,624.0,542.0,14.4,295.0,77.3,49.1,2.5,12.4,90200,105,321,101,308,3.09,35.0,105,117,8.83050269111435,25.776213270057408,2600.0,1,1
46,W,W36X150,W36X150,F,150.0,44.3,35.9,35  7/8 ,12.0,12      ,0.625,  5/8 ,  5/16,0.940, 15/16,1.69,1  7/8 ,1  1/8 ,6.37,51.9,9040.0,581.0,504.0,14.3,270.0,70.9,45.1,2.47,10.1,82200,105,294,93.1,287,3.06,35.0,105,117,8.724536658820979,25.20219786981998,2420.8333333333335,1,1
47,W,W36X135,W36X135,F,135.0,39.9,35.6,35  1/2 ,12.0,12      ,0.600,  5/8 ,  5/16,0.790, 13/16,1.54,1 11/16,1  1/8 ,7.56,54.1,7800.0,509.0,439.0,14.0,225.0,59.7,37.7,2.38,7.00,68100,104,245,77.9,251,2.99,34.8,105,117,8.406638561940861,24.183996097589944,2120.8333333333335,1,1
48,W,W33X387,W33X387,T,387.0,114.0,36.0,36      ,16.2,16  1/4 ,1.26,1  1/4 ,  5/8 ,2.28,2  1/4 ,3.07,3  3/16,1  7/16,3.55,23.7,24300.0,1560.0,1350.0,14.6,1620.0,312.0,200.0,3.77,148,459000,137,1260,287,778,4.49,33.7,117,133,13.316398058200441,53.24972453554818,6500.0,1,1
49,W,W33X354,W33X354,T,354.0,104.0,35.6,35  1/2 ,16.1,16  1/8 ,1.16,1  3/16,  5/8 ,2.09,2  1/16,2.88,2 15/16,1  3/8 ,3.85,25.7,22000.0,1420.0,1240.0,14.5,1460.0,282.0,181.0,3.74,115,408000,135,1130,262,707,4.44,33.5,116,132,13.21043202590707,49.79224592336289,5916.666666666667,1,1
50,W,W33X318,W33X318,F,318.0,93.7,35.2,35  1/8 ,16.0,16      ,1.04,1  1/16,  9/16,1.89,1  7/8 ,2.68,2  3/4 ,1  5/16,4.23,28.7,19500.0,1270.0,1110.0,14.5,1290.0,250.0,161.0,3.71,84.4,357000,133,1010,235,632,4.40,33.3,115,131,13.104465993613696,46.448840130832,5291.666666666667,1,1
51,W,W33X291,W33X291,F,291.0,85.6,34.8,34  7/8 ,15.9,15  7/8 ,0.960, 15/16,  1/2 ,1.73,1  3/4 ,2.52,2  5/8 ,1  5/16,4.60,31.0,17700.0,1160.0,1020.0,14.4,1160.0,226.0,146.0,3.68,65.1,319000,131,904,214,573,4.34,33.1,114,130,12.998499961320322,43.702876782599965,4833.333333333333,1,1
52,W,W33X263,W33X263,F,263.0,77.4,34.5,34  1/2 ,15.8,15  3/4 ,0.870,  7/8 ,  7/16,1.57,1  9/16,2.36,2  7/16,1  1/4 ,5.03,34.3,15900.0,1040.0,919.0,14.3,1040.0,202.0,131.0,3.66,48.7,281000,130,807,193,515,4.31,32.9,113,129,12.927855939791408,41.52064697520869,4333.333333333333,1,1
53,W,W33X241,W33X241,F,241.0,71.1,34.2,34  1/8 ,15.9,15  7/8 ,0.830, 13/16,  7/16,1.40,1  3/8 ,2.19,2  1/4 ,1  1/4 ,5.66,35.9,14200.0,940.0,831.0,14.1,933.0,182.0,118.0,3.62,36.2,251000,130,726,173,467,4.29,32.8,113,129,12.78656789673358,39.66781493730173,3916.6666666666665,1,1
54,W,W33X221,W33X221,F,221.0,65.3,33.9,33  7/8 ,15.8,15  3/4 ,0.775,  3/4 ,  3/8 ,1.28,1  1/4 ,2.06,2  1/8 ,1  3/16,6.20,38.5,12900.0,857.0,759.0,14.1,840.0,164.0,106.0,3.59,27.8,224000,129,647,156,423,4.25,32.6,112,128,12.680601864440206,38.11604962493215,3570.8333333333335,1,1
55,W,W33X201,W33X201,F,201.0,59.1,33.7,33  5/8 ,15.7,15  3/4 ,0.715, 11/16,  3/8 ,1.15,1  1/8 ,1.94,2      ,1  3/16,6.85,41.7,11600.0,773.0,686.0,14.0,749.0,147.0,95.2,3.56,20.8,198000,128,577,140,382,4.21,32.6,111,127,12.574635832146834,36.66081992491362,3220.8333333333335,1,1
56,W,W33X169,W33X169,F,169.0,49.5,33.8,33  7/8 ,11.5,11  1/2 ,0.670, 11/16,  3/8 ,1.22,1  1/4 ,1.92,2  1/8 ,1  3/16,4.71,44.7,9290.0,629.0,549.0,13.7,310.0,84.4,53.9,2.5,17.7,82400,93.7,329,108,311,3.03,32.6,99.5,111,8.83050269111435,26.624628782829518,2620.8333333333335,1,1
57,W,W33X152,W33X152,F,152.0,44.9,33.5,33  1/2 ,11.6,11  5/8 ,0.635,  5/8 ,  5/16,1.06,1  1/16,1.76,1 15/16,1  1/8 ,5.48,47.2,8160.0,559.0,487.0,13.5,273.0,73.9,47.2,2.47,12.4,71700,94.1,289,94.3,278,3.01,32.4,99.4,111,8.724536658820979,25.633054561235138,2329.1666666666665,1,1
58,W,W33X141,W33X141,F,141.0,41.5,33.3,33  1/4 ,11.5,11  1/2 ,0.605,  5/8 ,  5/16,0.960, 15/16,1.66,1 13/16,1  1/8 ,6.01,49.6,7450.0,514.0,448.0,13.4,246.0,66.9,42.7,2.43,9.70,64400,93.0,257,84.6,253,2.98,32.3,98.5,110,8.58324861576315,24.923722757266443,2141.6666666666665,1,1
59,W,W33X130,W33X130,F,130.0,38.3,33.1,33  1/8 ,11.5,11  1/2 ,0.580,  9/16,  5/16,0.855,  7/8 ,1.56,1  3/4 ,1  1/8 ,6.73,51.7,6710.0,467.0,406.0,13.2,218.0,59.5,37.9,2.39,7.37,56600,92.7,228,75.3,230,2.94,32.2,98.5,110,8.44196057270532,24.180220882726886,1945.8333333333333,1,1
60,W,W33X118,W33X118,F,118.0,34.7,32.9,32  7/8 ,11.5,11  1/2 ,0.550,  9/16,  5/16,0.740,  3/4 ,1.44,1  5/8 ,1  1/8 ,7.76,54.5,5900.0,415.0,359.0,13.0,187.0,51.3,32.6,2.32,5.30,48300,92.5,197,65.1,205,2.89,32.2,97.5,109,8.194706497354117,23.37622890617591,1729.1666666666667,1,1
61,W,W30X391,W30X391,T,391.0,115.0,33.2,33  1/4 ,15.6,15  5/8 ,1.36,1  3/8 , 11/16,2.44,2  7/16,3.23,3  3/8 ,1  1/2 ,3.19,19.7,20700.0,1450.0,1250.0,13.4,1550.0,310.0,198.0,3.67,173,366000,120,1140,267,722,4.37,30.8,109,125,12.963177950555867,58.727754926690274,6041.666666666667,1,1
62,W,W30X357,W30X357,T,357.0,105.0,32.8,32  3/4 ,15.5,15  1/2 ,1.24,1  1/4 ,  5/8 ,2.24,2  1/4 ,3.03,3  1/8 ,1  7/16,3.45,21.6,18700.0,1320.0,1140.0,13.3,1390.0,279.0,179.0,3.64,134,324000,118,1030,244,655,4.31,30.6,108,124,12.857211918262495,54.401250076498975,5500.0,1,1
63,W,W30X326,W30X326,T,326.0,95.9,32.4,32  3/8 ,15.4,15  3/8 ,1.14,1  1/8 ,  9/16,2.05,2  1/16,2.84,2 15/16,1  3/8 ,3.75,23.4,16800.0,1190.0,1040.0,13.2,1240.0,252.0,162.0,3.6,103,287000,117,922,222,593,4.26,30.4,108,123,12.715923875204664,50.5485804946162,4958.333333333333,1,1
64,W,W30X292,W30X292,F,292.0,86.0,32.0,32      ,15.3,15  1/4 ,1.02,1      ,  1/2 ,1.85,1  7/8 ,2.64,2  3/4 ,1  5/16,4.12,26.2,14900.0,1060.0,930.0,13.2,1100.0,223.0,144.0,3.58,75.2,250000,115,816,199,529,4.22,30.2,107,122,12.645279853675747,46.80806621275037,4416.666666666667,1,1
65,W,W30X261,W30X261,F,261.0,77.0,31.6,31  5/8 ,15.2,15  1/8 ,0.930, 15/16,  1/2 ,1.65,1  5/8 ,2.44,2  9/16,1  5/16,4.59,28.7,13100.0,943.0,829.0,13.1,959.0,196.0,127.0,3.53,54.1,215000,114,714,176,469,4.16,30.0,106,121,12.46866979985346,43.30048631057752,3929.1666666666665,1,1
66,W,W30X235,W30X235,F,235.0,69.3,31.3,31  1/4 ,15.1,15      ,0.830, 13/16,  7/16,1.50,1  1/2 ,2.29,2  3/8 ,1  1/4 ,5.02,32.2,11700.0,847.0,748.0,13.0,855.0,175.0,114.0,3.51,40.3,190000,112,637,159,421,4.13,29.8,105,120,12.398025778324547,40.905787188770596,3529.1666666666665,1,1
67,W,W30X211,W30X211,F,211.0,62.3,30.9,31      ,15.1,15  1/8 ,0.775,  3/4 ,  3/8 ,1.32,1  5/16,2.10,2  1/4 ,1  3/16,5.74,34.5,10300.0,751.0,665.0,12.9,757.0,155.0,100.0,3.49,28.4,166000,112,556,140,372,4.11,29.6,104,119,12.327381756795633,38.647704173570936,3129.1666666666665,1,1
68,W,W30X191,W30X191,F,191.0,56.1,30.7,30  5/8 ,15.0,15      ,0.710, 11/16,  3/8 ,1.19,1  3/16,1.97,2  1/16,1  3/16,6.35,37.7,9200.0,675.0,600.0,12.8,673.0,138.0,89.5,3.46,21.0,146000,111,494,125,335,4.06,29.5,104,119,12.22141572450226,36.75822179363208,2812.5,1,1
69,W,W30X173,W30X173,F,173.0,50.9,30.4,30  1/2 ,15.0,15      ,0.655,  5/8 ,  5/16,1.07,1  1/16,1.85,2      ,1  1/8 ,7.04,40.8,8230.0,607.0,541.0,12.7,598.0,123.0,79.8,3.42,15.6,129000,110,441,113,301,4.03,29.3,103,118,12.08012768144443,35.385519191597524,2529.1666666666665,1,1
70,W,W30X148,W30X148,F,148.0,43.6,30.7,30  5/8 ,10.5,10  1/2 ,0.650,  5/8 ,  5/16,1.18,1  3/16,1.83,2  1/16,1  1/8 ,4.44,41.6,6680.0,500.0,436.0,12.4,227.0,68.0,43.3,2.28,14.5,49400,77.5,240,85.8,248,2.77,29.5,90.5,101,8.053418454296287,24.8570180483879,2083.3333333333335,1,1
71,W,W30X132,W30X132,F,132.0,38.8,30.3,30  1/4 ,10.5,10  1/2 ,0.615,  5/8 ,  5/16,1.00,1      ,1.65,1  7/8 ,1  1/8 ,5.27,43.9,5770.0,437.0,380.0,12.2,196.0,58.4,37.2,2.25,9.72,42100,76.9,202,72.4,215,2.75,29.3,89.5,100,7.947452422002915,23.73737910024992,1820.8333333333333,1,1
72,W,W30X124,W30X124,F,124.0,36.5,30.2,30  1/8 ,10.5,10  1/2 ,0.585,  9/16,  5/16,0.930, 15/16,1.58,1 13/16,1  1/8 ,5.65,46.2,5360.0,408.0,355.0,12.1,181.0,54.0,34.4,2.23,7.99,38600,76.8,188,67.5,202,2.73,29.3,89.5,100,7.876808400474,23.184600976659542,1700.0,1,1
73,W,W30X116,W30X116,F,116.0,34.2,30.0,30      ,10.5,10  1/2 ,0.565,  9/16,  5/16,0.850,  7/8 ,1.50,1  3/4 ,1  1/8 ,6.17,47.8,4930.0,378.0,329.0,12.0,164.0,49.2,31.3,2.19,6.43,34900,76.5,171,61.5,187,2.70,29.2,89.3,99.8,7.735520357416171,22.578297261574715,1575.0,1,1
74,W,W30X108,W30X108,F,108.0,31.7,29.8,29  7/8 ,10.5,10  1/2 ,0.545,  9/16,  5/16,0.760,  3/4 ,1.41,1 11/16,1  1/8 ,6.89,49.6,4470.0,346.0,299.0,11.9,146.0,43.9,27.9,2.15,4.99,30900,76.2,152,54.9,170,2.67,29.0,88.9,99.4,7.594232314358341,22.000282276584546,1441.6666666666667,1,1
75,W,W30X99,W30X99,F,99.0,29.0,29.7,29  5/8 ,10.5,10  1/2 ,0.520,  1/2 ,  1/4 ,0.670, 11/16,1.32,1  9/16,1  1/16,7.80,51.9,3990.0,312.0,269.0,11.7,128.0,38.6,24.5,2.1,3.77,26800,76.2,134,48.5,154,2.62,29.0,88.7,99.2,7.417622260536054,21.275768779454364,1300.0,1,1
76,W,W30X90,W30X90,F,90.0,26.3,29.5,29  1/2 ,10.4,10  3/8 ,0.470,  1/2 ,  1/4 ,0.610,  5/8 ,1.26,1  1/2 ,1  1/16,8.52,57.5,3610.0,283.0,245.0,11.7,115.0,34.7,22.1,2.09,2.84,24000,75.1,119,43.7,139,2.60,28.9,88.1,98.5,7.382300249771596,20.839618940529544,1179.1666666666667,1,1
77,W,W27X539,W27X539,T,539.0,159.0,32.5,32  1/2 ,15.3,15  1/4 ,1.97,2      ,1      ,3.54,3  9/16,4.33,4  7/16,1 13/16,2.15,12.1,25600.0,1890.0,1570.0,12.7,2110.0,437.0,277.0,3.65,496,443000,111,1500,342,943,4.41,29.0,106,121,12.892533929026952,88.52023568617703,7875.0,1,1
78,W,W27X368,W27X368,T,368.0,109.0,30.4,30  3/8 ,14.7,14  5/8 ,1.38,1  3/8 , 11/16,2.48,2  1/2 ,3.27,3  3/8 ,1  1/2 ,2.96,17.3,16200.0,1240.0,1060.0,12.2,1310.0,279.0,179.0,3.48,170,255000,103,935,231,621,4.15,27.9,100,115,12.292059746031173,61.93830638769669,5166.666666666667,1,1
79,W,W27X336,W27X336,T,336.0,99.2,30.0,30      ,14.6,14  1/2 ,1.26,1  1/4 ,  5/8 ,2.28,2  1/4 ,3.07,3  3/16,1  7/16,3.19,18.9,14600.0,1130.0,972.0,12.1,1180.0,252.0,162.0,3.45,131,226000,101,842,211,563,4.10,27.7,100,115,12.186093713737804,56.952703236359405,4708.333333333333,1,1
80,W,W27X307,W27X307,T,307.0,90.2,29.6,29  5/8 ,14.4,14  1/2 ,1.16,1  3/16,  5/8 ,2.09,2  1/16,2.88,3      ,1  7/16,3.46,20.6,13100.0,1030.0,887.0,12.0,1050.0,227.0,146.0,3.41,101,199000,99.0,745,190,508,4.04,27.5,98.6,113,12.044805670679976,52.523005009454685,4291.666666666667,1,1
81,W,W27X281,W27X281,F,281.0,83.1,29.3,29  1/4 ,14.4,14  3/8 ,1.06,1  1/16,  9/16,1.93,1 15/16,2.72,2 13/16,1  3/8 ,3.72,22.5,11900.0,936.0,814.0,12.0,953.0,206.0,133.0,3.39,79.5,178000,98.5,685,176,466,4.00,27.4,98.6,113,11.974161649151059,49.06473703678861,3900.0,1,1
82,W,W27X258,W27X258,F,258.0,76.1,29.0,29      ,14.3,14  1/4 ,0.980,1      ,  1/2 ,1.77,1  3/4 ,2.56,2 11/16,1  5/16,4.03,24.4,10800.0,852.0,745.0,11.9,859.0,187.0,120.0,3.36,61.6,159000,97.3,616,160,424,3.96,27.2,97.7,112,11.868195616857685,45.847035263891,3550.0,1,1
83,W,W27X235,W27X235,F,235.0,69.4,28.7,28  5/8 ,14.2,14  1/4 ,0.910, 15/16,  1/2 ,1.61,1  5/8 ,2.40,2  1/2 ,1  5/16,4.41,26.2,9700.0,772.0,677.0,11.8,769.0,168.0,108.0,3.33,47.0,141000,96.2,550,145,384,3.92,27.1,96.8,111,11.762229584564315,42.866948754878,3216.6666666666665,1,1
84,W,W27X217,W27X217,F,217.0,63.9,28.4,28  3/8 ,14.1,14  1/8 ,0.830, 13/16,  7/16,1.50,1  1/2 ,2.29,2  3/8 ,1  1/4 ,4.71,28.7,8910.0,711.0,627.0,11.8,704.0,154.0,100.0,3.32,37.6,128000,94.8,501,134,351,3.89,26.9,95.9,110,11.726907573799856,40.777507527652396,2962.5,1,1
85,W,W27X194,W27X194,F,194.0,57.1,28.1,28  1/8 ,14.0,14      ,0.750,  3/4 ,  3/8 ,1.34,1  5/16,2.13,2  1/4 ,1  3/16,5.24,31.8,7860.0,631.0,559.0,11.7,619.0,136.0,88.1,3.29,27.1,111000,93.7,439,119,312,3.85,26.8,95.0,109,11.620941541506484,38.13770241149536,2629.1666666666665,1,1
86,W,W27X178,W27X178,F,178.0,52.5,27.8,27  3/4 ,14.1,14  1/8 ,0.725,  3/4 ,  3/8 ,1.19,1  3/16,1.98,2  1/16,1  3/16,5.92,32.9,7020.0,570.0,505.0,11.6,555.0,122.0,78.8,3.25,20.1,98400,93.8,393,106,282,3.83,26.6,94.9,109,11.479653498448656,36.29552331272824,2375.0,1,1
87,W,W27X161,W27X161,F,161.0,47.6,27.6,27  5/8 ,14.0,14      ,0.660, 11/16,  3/8 ,1.08,1  1/16,1.87,2      ,1  3/16,6.49,36.1,6310.0,515.0,458.0,11.5,497.0,109.0,70.9,3.23,15.1,87300,92.8,351,95.5,254,3.79,26.5,95.0,109,11.40900947691974,34.61083334796195,2145.8333333333335,1,1
88,W,W27X146,W27X146,F,146.0,43.2,27.4,27  3/8 ,14.0,14      ,0.605,  5/8 ,  5/16,0.975,1      ,1.76,1  7/8 ,1  1/8 ,7.16,39.4,5660.0,464.0,414.0,11.5,443.0,97.7,63.5,3.2,11.3,77200,92.5,316,86.3,229,3.76,26.4,94.0,108,11.303043444626368,33.266362539860175,1933.3333333333333,1,1
89,W,W27X129,W27X129,F,129.0,37.8,27.6,27  5/8 ,10.0,10      ,0.610,  5/8 ,  5/16,1.10,1  1/8 ,1.70,2      ,1  1/8 ,4.55,39.7,4760.0,395.0,345.0,11.2,184.0,57.6,36.8,2.21,11.1,32500,66.3,182,68.4,195,2.66,26.5,83.0,93.0,7.806164378945087,24.182931165169546,1645.8333333333333,1,1
90,W,W27X114,W27X114,F,114.0,33.6,27.3,27  1/4 ,10.1,10  1/8 ,0.570,  9/16,  5/16,0.930, 15/16,1.53,1 13/16,1  1/8 ,5.41,42.5,4080.0,343.0,299.0,11.0,159.0,49.3,31.5,2.18,7.33,27600,66.6,156,58.4,170,2.65,26.4,82.7,92.8,7.700198346651714,23.071029916049355,1429.1666666666667,1,1
91,W,W27X102,W27X102,F,102.0,30.0,27.1,27  1/8 ,10.0,10      ,0.515,  1/2 ,  1/4 ,0.830, 13/16,1.43,1  3/4 ,1  1/16,6.03,47.1,3620.0,305.0,267.0,11.0,139.0,43.4,27.8,2.15,5.28,24000,65.7,136,51.7,151,2.62,26.3,82.1,92.1,7.594232314358341,22.19415684784145,1270.8333333333333,1,1
92,W,W27X94,W27X94,F,94.0,27.6,26.9,26  7/8 ,10.0,10      ,0.490,  1/2 ,  1/4 ,0.745,  3/4 ,1.34,1  5/8 ,1  1/16,6.70,49.5,3270.0,278.0,243.0,10.9,124.0,38.8,24.8,2.12,4.03,21300,65.4,122,46.3,137,2.59,26.2,81.8,91.8,7.48826628206497,21.535251200622934,1158.3333333333333,1,1
93,W,W27X84,W27X84,F,84.0,24.7,26.7,26  3/4 ,10.0,10      ,0.460,  7/16,  1/4 ,0.640,  5/8 ,1.24,1  9/16,1  1/16,7.78,52.7,2850.0,244.0,213.0,10.7,106.0,33.2,21.2,2.07,2.81,17900,65.2,104,39.8,121,2.54,26.1,81.5,91.5,7.311656228242682,20.6987609401278,1016.6666666666666,1,1
94,W,W24X370,W24X370,T,370.0,109.0,28.0,28      ,13.7,13  5/8 ,1.52,1  1/2 ,  3/4 ,2.72,2  3/4 ,3.22,3  5/8 ,1  9/16,2.51,14.2,13400.0,1130.0,957.0,11.1,1160.0,267.0,170.0,3.27,201,186000,86.6,807,209,568,3.92,25.3,93.3,107,11.55029751997757,69.15819522971144,4708.333333333333,1,1
95,W,W24X335,W24X335,T,335.0,98.3,27.5,27  1/2 ,13.5,13  1/2 ,1.38,1  3/8 , 11/16,2.48,2  1/2 ,2.98,3  3/8 ,1  1/2 ,2.73,15.6,11900.0,1020.0,864.0,11.0,1030.0,238.0,152.0,3.23,152,161000,84.4,707,188,506,3.86,25.0,91.5,105,11.40900947691974,63.08461520314484,4250.0,1,1
96,W,W24X306,W24X306,T,306.0,89.7,27.1,27  1/8 ,13.4,13  3/8 ,1.26,1  1/4 ,  5/8 ,2.28,2  1/4 ,2.78,3  3/16,1  7/16,2.94,17.1,10700.0,922.0,789.0,10.9,919.0,214.0,137.0,3.2,117,142000,83.1,635,172,459,3.81,24.8,90.6,104,11.303043444626368,57.86200835740254,3841.6666666666665,1,1
97,W,W24X279,W24X279,T,279.0,81.9,26.7,26  3/4 ,13.3,13  1/4 ,1.16,1  3/16,  5/8 ,2.09,2  1/16,2.59,3      ,1  7/16,3.18,18.6,9600.0,835.0,718.0,10.8,823.0,193.0,124.0,3.17,90.5,125000,81.8,569,156,416,3.76,24.6,89.7,103,11.197077412332996,53.388252704352404,3479.1666666666665,1,1
98,W,W24X250,W24X250,F,250.0,73.5,26.3,26  3/8 ,13.2,13  1/8 ,1.04,1  1/16,  9/16,1.89,1  7/8 ,2.39,2 13/16,1  3/8 ,3.49,20.7,8490.0,744.0,644.0,10.7,724.0,171.0,110.0,3.14,66.6,108000,80.6,502,140,370,3.71,24.4,88.8,102,11.091111380039626,48.686331603358774,3100.0,1,1
99,W,W24X229,W24X229,F,229.0,67.2,26.0,26      ,13.1,13  1/8 ,0.960, 15/16,  1/2 ,1.73,1  3/4 ,2.23,2  5/8 ,1  5/16,3.79,22.5,7650.0,675.0,588.0,10.7,651.0,154.0,99.4,3.11,51.3,96100,79.5,450,127,336,3.67,24.3,88.9,102,10.985145347746252,45.13982418188854,2812.5,1,1
100,W,W24X207,W24X207,F,207.0,60.7,25.7,25  3/4 ,13.0,13      ,0.870,  7/8 ,  7/16,1.57,1  9/16,2.07,2  1/2 ,1  1/4 ,4.14,24.8,6820.0,606.0,531.0,10.6,578.0,137.0,88.8,3.08,38.3,84100,78.4,400,115,302,3.62,24.1,88.0,101,10.879179315452879,41.68418235267788,2525.0,1,1
101,W,W24X192,W24X192,F,192.0,56.5,25.5,25  1/2 ,13.0,13      ,0.810, 13/16,  7/16,1.46,1  7/16,1.96,2  3/8 ,1  1/4 ,4.43,26.6,6260.0,559.0,491.0,10.5,530.0,126.0,81.8,3.07,30.8,76300,78.1,371,107,280,3.6,24.0,88.0,101,10.843857304688422,39.62080725387442,2329.1666666666665,1,1
102,W,W24X176,W24X176,F,176.0,51.7,25.2,25  1/4 ,12.9,12  7/8 ,0.750,  3/4 ,  3/8 ,1.34,1  5/16,1.84,2  1/4 ,1  3/16,4.81,28.7,5680.0,511.0,450.0,10.5,479.0,115.0,74.3,3.04,23.9,68400,76.9,333,97.1,254,3.57,23.9,86.7,99.6,10.737891272395052,37.38851003470514,2129.1666666666665,1,1
103,W,W24X162,W24X162,F,162.0,47.8,25.0,25      ,13.0,13      ,0.705, 11/16,  3/8 ,1.22,1  1/4 ,1.72,2  1/8 ,1  3/16,5.31,30.6,5170.0,468.0,414.0,10.4,443.0,105.0,68.4,3.05,18.5,62600,77.3,306,89.2,233,3.57,23.8,86.7,99.7,10.773213283159507,35.700751712881534,1950.0,1,1
104,W,W24X146,W24X146,F,146.0,43.0,24.7,24  3/4 ,12.9,12  7/8 ,0.650,  5/8 ,  5/16,1.09,1  1/16,1.59,2      ,1  1/8 ,5.92,33.2,4580.0,418.0,371.0,10.3,391.0,93.2,60.5,3.01,13.4,54600,76.1,268,78.8,207,3.53,23.6,85.9,98.8,10.631925240101678,33.61771275488554,1741.6666666666667,1,1
105,W,W24X131,W24X131,F,131.0,38.6,24.5,24  1/2 ,12.9,12  7/8 ,0.605,  5/8 ,  5/16,0.960, 15/16,1.46,1  7/8 ,1  1/8 ,6.70,35.6,4020.0,370.0,329.0,10.2,340.0,81.5,53.0,2.97,9.50,47100,75.9,235,69.5,184,3.49,23.5,85.6,98.5,10.49063719704385,31.798136041705533,1541.6666666666667,1,1
106,W,W24X117,W24X117,F,117.0,34.4,24.3,24  1/4 ,12.8,12  3/4 ,0.550,  9/16,  5/16,0.850,  7/8 ,1.35,1  3/4 ,1  1/8 ,7.53,39.2,3540.0,327.0,291.0,10.1,297.0,71.4,46.5,2.94,6.72,40800,75.0,204,61.0,163,3.46,23.5,85.0,97.8,10.384671164750477,30.373766089577515,1362.5,1,1
107,W,W24X104,W24X104,F,104.0,30.7,24.1,24      ,12.8,12  3/4 ,0.500,  1/2 ,  1/4 ,0.750,  3/4 ,1.25,1  5/8 ,1  1/16,8.50,43.1,3100.0,289.0,258.0,10.1,259.0,62.4,40.7,2.91,4.72,35200,74.7,179,53.9,144,3.42,23.4,84.7,97.5,10.278705132457103,29.106277739215273,1204.1666666666667,1,1
108,W,W24X103,W24X103,F,103.0,30.3,24.5,24  1/2 ,9.00,9      ,0.550,  9/16,  5/16,0.980,1      ,1.48,1  7/8 ,1  1/8 ,4.59,39.2,3000.0,280.0,245.0,10.0,119.0,41.5,26.5,1.99,7.07,16600,52.9,117,48.7,139,2.40,23.5,74.0,83.0,7.029080142127023,21.86438059860667,1166.6666666666667,1,1
109,W,W24X94,W24X94,F,94.0,27.7,24.3,24  1/4 ,9.07,9  1/8 ,0.515,  1/2 ,  1/4 ,0.875,  7/8 ,1.38,1  3/4 ,1  1/16,5.18,41.9,2700.0,254.0,222.0,9.87,109.0,37.5,24.0,1.98,5.26,15000,53.1,105,43.8,126,2.40,23.4,73.9,83.0,6.993758131362565,21.164903596403395,1058.3333333333333,1,1
110,W,W24X84,W24X84,F,84.0,24.7,24.1,24  1/8 ,9.02,9      ,0.470,  1/2 ,  1/4 ,0.770,  3/4 ,1.27,1 11/16,1  1/16,5.86,45.9,2370.0,224.0,196.0,9.79,94.4,32.6,20.9,1.95,3.70,12800,52.6,91.3,38.4,111,2.37,23.3,73.5,82.5,6.887792099069194,20.259292385519803,933.3333333333334,1,1
111,W,W24X76,W24X76,F,76.0,22.4,23.9,23  7/8 ,8.99,9      ,0.440,  7/16,  1/4 ,0.680, 11/16,1.18,1  9/16,1  1/16,6.61,49.0,2100.0,200.0,176.0,9.69,82.5,28.6,18.4,1.92,2.68,11100,52.2,79.8,33.8,98.9,2.33,23.2,73.0,82.0,6.781826066775821,19.444624660061713,833.3333333333334,1,1
112,W,W24X68,W24X68,F,68.0,20.1,23.7,23  3/4 ,8.97,9      ,0.415,  7/16,  1/4 ,0.585,  9/16,1.09,1  1/2 ,1  1/16,7.66,52.0,1830.0,177.0,154.0,9.55,70.4,24.5,15.7,1.87,1.87,9430,51.8,68.0,28.9,87.0,2.30,23.1,72.6,81.6,6.605216012953535,18.803003804387405,737.5,1,1
113,W,W24X62,W24X62,F,62.0,18.2,23.7,23  3/4 ,7.04,7      ,0.430,  7/16,  1/4 ,0.590,  9/16,1.09,1  1/2 ,1  1/16,5.97,50.1,1550.0,153.0,131.0,9.23,34.5,15.7,9.8,1.38,1.71,4620,40.7,42.2,22.5,75.3,1.75,23.1,66.8,73.8,4.874437485495121,14.396021953065466,637.5,1,1
114,W,W24X55,W24X55,F,55.0,16.2,23.6,23  5/8 ,7.01,7      ,0.395,  3/8 ,  3/16,0.505,  1/2 ,1.01,1  7/16,1      ,6.94,54.6,1350.0,134.0,114.0,9.11,29.1,13.3,8.3,1.34,1.18,3870,40.5,35.8,19.3,66.1,1.72,23.1,66.6,73.6,4.733149442437292,13.88955652341337,558.3333333333334,1,1
115,W,W21X201,W21X201,F,201.0,59.3,23.0,23      ,12.6,12  5/8 ,0.910, 15/16,  1/2 ,1.63,1  5/8 ,2.13,2  1/2 ,1  5/16,3.86,20.6,5310.0,530.0,461.0,9.47,542.0,133.0,86.1,3.02,40.9,62000,67.3,346,102,264,3.55,21.4,81.1,93.7,10.667247250866135,46.17572597960274,2208.3333333333335,1,1
116,W,W21X182,W21X182,F,182.0,53.6,22.7,22  3/4 ,12.5,12  1/2 ,0.830, 13/16,  7/16,1.48,1  1/2 ,1.98,2  3/8 ,1  1/4 ,4.22,22.6,4730.0,476.0,417.0,9.4,483.0,119.0,77.2,3.0,30.7,54400,66.3,307,91.6,237,3.51,21.2,80.4,92.9,10.596603229337221,42.636148449775526,1983.3333333333333,1,1
117,W,W21X166,W21X166,F,166.0,48.8,22.5,22  1/2 ,12.4,12  3/8 ,0.750,  3/4 ,  3/8 ,1.36,1  3/8 ,1.86,2  1/4 ,1  3/16,4.57,25.0,4280.0,432.0,380.0,9.36,435.0,108.0,70.0,2.99,23.6,48500,65.5,276,83.7,215,3.48,21.1,79.8,92.2,10.561281218572764,39.84237451131549,1800.0,1,1
118,W,W21X147,W21X147,F,147.0,43.2,22.1,22      ,12.5,12  1/2 ,0.720,  3/4 ,  3/8 ,1.15,1  1/8 ,1.65,2      ,1  3/16,5.44,26.1,3630.0,373.0,329.0,9.17,376.0,92.6,60.1,2.95,15.4,41100,65.5,235,71.0,186,3.46,21.0,79.4,91.9,10.419993175514934,36.26845010020339,1554.1666666666667,1,1
119,W,W21X132,W21X132,F,132.0,38.8,21.8,21  7/8 ,12.4,12  1/2 ,0.650,  5/8 ,  5/16,1.04,1  1/16,1.54,1 15/16,1  1/8 ,6.01,28.9,3220.0,333.0,295.0,9.12,333.0,82.3,53.5,2.93,11.3,36000,64.4,206,62.8,164,3.43,20.8,78.6,91.0,10.34934915398602,34.13116721524369,1387.5,1,1
120,W,W21X122,W21X122,F,122.0,35.9,21.7,21  5/8 ,12.4,12  3/8 ,0.600,  5/8 ,  5/16,0.960, 15/16,1.46,1 13/16,1  1/8 ,6.45,31.3,2960.0,307.0,273.0,9.09,305.0,75.6,49.2,2.92,8.98,32700,64.3,191,58.7,153,3.40,20.7,78.5,90.9,10.31402714322156,32.653111609122895,1279.1666666666667,1,1
121,W,W21X111,W21X111,F,111.0,32.6,21.5,21  1/2 ,12.3,12  3/8 ,0.550,  9/16,  5/16,0.875,  7/8 ,1.38,1  3/4 ,1  1/8 ,7.05,34.1,2670.0,279.0,249.0,9.05,274.0,68.2,44.5,2.9,6.83,29200,63.4,171,53.0,138,3.37,20.6,77.9,90.2,10.243383121692647,31.17674177812354,1162.5,1,1
122,W,W21X101,W21X101,F,101.0,29.8,21.4,21  3/8 ,12.3,12  1/4 ,0.500,  1/2 ,  1/4 ,0.800, 13/16,1.30,1 11/16,1  1/16,7.68,37.5,2420.0,253.0,227.0,9.02,248.0,61.7,40.3,2.89,5.21,26200,63.3,156,48.6,126,3.35,20.6,77.8,90.1,10.20806111092819,30.00189966653032,1054.1666666666667,1,1
123,W,W21X93,W21X93,F,93.0,27.3,21.6,21  5/8 ,8.42,8  3/8 ,0.580,  9/16,  5/16,0.930, 15/16,1.43,1  5/8 , 15/16,4.53,32.3,2070.0,221.0,192.0,8.7,92.9,34.7,22.1,1.84,6.03,9940,43.5,85.2,37.7,109,2.24,20.7,66.5,74.9,6.499249980660161,21.29182501989957,920.8333333333334,1,1
124,W,W21X83,W21X83,F,83.0,24.4,21.4,21  3/8 ,8.36,8  3/8 ,0.515,  1/2 ,  1/4 ,0.835, 13/16,1.34,1  1/2 ,  7/8 ,5.00,36.4,1830.0,196.0,171.0,8.67,81.4,30.5,19.5,1.83,4.34,8630,43.0,75.0,33.7,96.8,2.21,20.6,66.0,74.4,6.463927969895704,20.14571429887703,816.6666666666666,1,1
125,W,W21X73,W21X73,F,73.0,21.5,21.2,21  1/4 ,8.30,8  1/4 ,0.455,  7/16,  1/4 ,0.740,  3/4 ,1.24,1  7/16,  7/8 ,5.60,41.2,1600.0,172.0,151.0,8.64,70.6,26.6,17.0,1.81,3.02,7410,42.5,65.2,29.7,85.0,2.19,20.5,65.5,73.8,6.39328394836679,19.204247738157946,716.6666666666666,1,1
126,W,W21X68,W21X68,F,68.0,20.0,21.1,21  1/8 ,8.27,8  1/4 ,0.430,  7/16,  1/4 ,0.685, 11/16,1.19,1  3/8 ,  7/8 ,6.04,43.6,1480.0,160.0,140.0,8.6,64.7,24.4,15.7,1.8,2.45,6760,42.2,59.8,27.4,78.7,2.17,20.4,65.3,73.6,6.357961937602332,18.6871153794781,666.6666666666666,1,1
127,W,W21X62,W21X62,F,62.0,18.3,21.0,21      ,8.24,8  1/4 ,0.400,  3/8 ,  3/16,0.615,  5/8 ,1.12,1  5/16, 13/16,6.70,46.9,1330.0,144.0,127.0,8.54,57.5,21.7,14.0,1.77,1.83,5960,42.0,53.2,24.6,71.2,2.15,20.4,65.1,73.3,6.25199590530896,18.08359862660851,600.0,1,1
128,W,W21X55,W21X55,F,55.0,16.2,20.8,20  3/4 ,8.22,8  1/4 ,0.375,  3/8 ,  3/16,0.522,  1/2 ,1.02,1  3/16, 13/16,7.87,50.0,1140.0,126.0,110.0,8.4,48.4,18.4,11.8,1.73,1.24,4980,41.7,44.7,20.8,61.8,2.11,20.3,64.7,72.9,6.11070786225113,17.33071666581812,525.0,1,1
130,W,W21X57,W21X57,F,57.0,16.7,21.1,21      ,6.56,6  1/2 ,0.405,  3/8 ,  3/16,0.650,  5/8 ,1.15,1  5/16, 13/16,5.04,46.3,1170.0,129.0,111.0,8.36,30.6,14.8,9.35,1.35,1.77,3190,33.5,35.8,20.5,63.4,1.68,20.5,60.2,66.8,4.76847145320175,14.288993901155528,537.5,1,1
131,W,W21X50,W21X50,F,50.0,14.7,20.8,20  7/8 ,6.53,6  1/2 ,0.380,  3/8 ,  3/16,0.535,  9/16,1.04,1  1/4 , 13/16,6.10,49.4,984.0,110.0,94.5,8.18,24.9,12.2,7.64,1.3,1.14,2570,33.1,28.9,16.7,53.9,1.64,20.3,59.6,66.1,4.591861399379463,13.553350536376682,458.3333333333333,1,1
132,W,W21X44,W21X44,F,44.0,13.0,20.7,20  5/8 ,6.50,6  1/2 ,0.350,  3/8 ,  3/16,0.450,  7/16,0.950,1  1/8 , 13/16,7.22,53.6,843.0,95.4,81.6,8.06,20.7,10.2,6.37,1.26,0.770,2110,32.9,24.1,14.0,46.8,1.60,20.3,59.3,65.8,4.450573356321633,12.954915584720064,397.5,1,1
133,W,W18X311,W18X311,T,311.0,91.6,22.3,22  3/8 ,12.0,12      ,1.52,1  1/2 ,  3/4 ,2.74,2  3/4 ,3.24,3  7/16,1  3/8 ,2.19,10.4,6970.0,754.0,624.0,8.72,795.0,207.0,132.0,2.95,176,76200,58.7,482,140,375,3.53,19.6,76.7,88.7,10.419993175514934,81.09839787461594,3141.6666666666665,1,1
134,W,W18X283,W18X283,T,283.0,83.3,21.9,21  7/8 ,11.9,11  7/8 ,1.40,1  3/8 , 11/16,2.50,2  1/2 ,3.00,3  3/16,1  5/16,2.38,11.3,6170.0,676.0,565.0,8.61,704.0,185.0,118.0,2.91,134,65900,57.7,429,127,339,3.47,19.4,75.8,87.7,10.278705132457103,73.63784135080934,2816.6666666666665,1,1
135,W,W18X258,W18X258,T,258.0,76.0,21.5,21  1/2 ,11.8,11  3/4 ,1.28,1  1/4 ,  5/8 ,2.30,2  5/16,2.70,3      ,1  1/4 ,2.56,12.5,5510.0,611.0,514.0,8.53,628.0,166.0,107.0,2.88,103,57600,56.6,384,116,306,3.42,19.2,75.1,86.9,10.17273910016373,67.25094403634078,2545.8333333333335,1,1
136,W,W18X234,W18X234,T,234.0,68.6,21.1,21      ,11.7,11  5/8 ,1.16,1  3/16,  5/8 ,2.11,2  1/8 ,2.51,2  3/4 ,1  3/16,2.76,13.8,4900.0,549.0,466.0,8.44,558.0,149.0,95.8,2.85,78.7,50100,55.5,343,106,276,3.37,19.0,74.3,86.0,10.06677306787036,61.3950070828953,2287.5,1,1
137,W,W18X211,W18X211,F,211.0,62.3,20.7,20  5/8 ,11.6,11  1/2 ,1.06,1  1/16,  9/16,1.91,1 15/16,2.31,2  9/16,1  3/16,3.02,15.1,4330.0,490.0,419.0,8.35,493.0,132.0,85.3,2.82,58.6,43400,54.5,302,94.6,246,3.32,18.8,73.4,85.0,9.960807035576986,55.661785657343735,2041.6666666666667,1,1
138,W,W18X192,W18X192,F,192.0,56.2,20.4,20  3/8 ,11.5,11  1/2 ,0.960, 15/16,  1/2 ,1.75,1  3/4 ,2.15,2  7/16,1  1/8 ,3.27,16.7,3870.0,442.0,380.0,8.28,440.0,119.0,76.8,2.79,44.7,38000,53.6,270,86.0,222,3.28,18.7,72.7,84.2,9.854841003283616,50.951792980361084,1841.6666666666667,1,1
139,W,W18X175,W18X175,F,175.0,51.4,20.0,20      ,11.4,11  3/8 ,0.890,  7/8 ,  7/16,1.59,1  9/16,1.99,2  7/16,1  1/4 ,3.58,18.0,3450.0,398.0,344.0,8.2,391.0,106.0,68.8,2.76,33.8,33300,52.5,238,76.9,198,3.24,18.4,71.7,83.1,9.748874970990242,46.828822336411946,1658.3333333333333,1,1
140,W,W18X158,W18X158,F,158.0,46.3,19.7,19  3/4 ,11.3,11  1/4 ,0.810, 13/16,  7/16,1.44,1  7/16,1.84,2  3/8 ,1  1/4 ,3.92,19.8,3060.0,356.0,310.0,8.12,347.0,94.8,61.4,2.74,25.2,29000,51.6,210,69.0,177,3.20,18.3,71.0,82.3,9.678230949461328,42.801855255452494,1483.3333333333333,1,1
141,W,W18X143,W18X143,F,143.0,42.0,19.5,19  1/2 ,11.2,11  1/4 ,0.730,  3/4 ,  3/8 ,1.32,1  5/16,1.72,2  3/16,1  3/16,4.25,22.0,2750.0,322.0,282.0,8.09,311.0,85.4,55.5,2.72,19.2,25700,50.9,188,62.8,160,3.17,18.2,70.4,81.6,9.607586927932415,39.60503293013867,1341.6666666666667,1,1
142,W,W18X130,W18X130,F,130.0,38.3,19.3,19  1/4 ,11.2,11  1/8 ,0.670, 11/16,  3/8 ,1.20,1  3/16,1.60,2  1/16,1  3/16,4.65,23.9,2460.0,290.0,256.0,8.03,278.0,76.7,49.9,2.7,14.5,22700,50.7,170,57.2,146,3.13,18.1,70.2,81.4,9.5369429064035,36.609133858029175,1208.3333333333333,1,1
143,W,W18X119,W18X119,F,119.0,35.1,19.0,19      ,11.3,11  1/4 ,0.655,  5/8 ,  5/16,1.06,1  1/16,1.46,1 15/16,1  3/16,5.31,24.5,2190.0,262.0,231.0,7.9,253.0,69.1,44.9,2.69,10.6,20300,50.7,152,50.6,131,3.13,17.9,69.9,81.2,9.501620895639041,34.235478914656824,1091.6666666666667,1,1
144,W,W18X106,W18X106,F,106.0,31.1,18.7,18  3/4 ,11.2,11  1/4 ,0.590,  9/16,  5/16,0.940, 15/16,1.34,1 13/16,1  1/8 ,5.96,27.2,1910.0,230.0,204.0,7.84,220.0,60.5,39.4,2.66,7.48,17400,49.7,131,44.3,114,3.10,17.8,69.1,80.3,9.39565486334567,31.77693264246791,958.3333333333334,1,1
145,W,W18X97,W18X97,F,97.0,28.5,18.6,18  5/8 ,11.1,11  1/8 ,0.535,  9/16,  5/16,0.870,  7/8 ,1.27,1  3/4 ,1  1/8 ,6.41,30.0,1750.0,211.0,188.0,7.82,201.0,55.3,36.1,2.65,5.86,15800,49.2,119,40.7,105,3.08,17.7,68.7,79.8,9.36033285258121,30.30738279356986,879.1666666666666,1,1
146,W,W18X86,W18X86,F,86.0,25.3,18.4,18  3/8 ,11.1,11  1/8 ,0.480,  1/2 ,  1/4 ,0.770,  3/4 ,1.17,1  5/8 ,1  1/16,7.20,33.4,1530.0,186.0,166.0,7.77,175.0,48.4,31.6,2.63,4.10,13600,48.9,105,36.0,92.4,3.05,17.6,68.4,79.5,9.289688831052297,28.51551925241725,775.0,1,1
147,W,W18X76,W18X76,F,76.0,22.3,18.2,18  1/4 ,11.0,11      ,0.425,  7/16,  1/4 ,0.680, 11/16,1.08,1  9/16,1  1/16,8.11,37.8,1330.0,163.0,146.0,7.73,152.0,42.2,27.6,2.61,2.83,11700,48.2,90.1,31.5,80.6,3.02,17.5,67.9,78.9,9.21904480952338,27.019854213376743,679.1666666666666,1,1
148,W,W18X71,W18X71,F,71.0,20.9,18.5,18  1/2 ,7.64,7  5/8 ,0.495,  1/2 ,  1/4 ,0.810, 13/16,1.21,1  1/2 ,  7/8 ,4.71,32.4,1170.0,146.0,127.0,7.5,60.3,24.7,15.8,1.7,3.49,4700,33.8,52.3,25.6,72.4,2.05,17.7,58.3,65.9,6.004741829957759,19.585203187356864,608.3333333333334,1,1
149,W,W18X65,W18X65,F,65.0,19.1,18.4,18  3/8 ,7.59,7  5/8 ,0.450,  7/16,  1/4 ,0.750,  3/4 ,1.15,1  7/16,  7/8 ,5.06,35.7,1070.0,133.0,117.0,7.49,54.8,22.5,14.4,1.69,2.73,4240,33.5,47.7,23.6,66.3,2.03,17.7,58.0,65.6,5.969419819193301,18.74329390675621,554.1666666666666,1,1
150,W,W18X60,W18X60,F,60.0,17.6,18.2,18  1/4 ,7.56,7  1/2 ,0.415,  7/16,  1/4 ,0.695, 11/16,1.10,1  3/8 , 13/16,5.44,38.7,984.0,123.0,108.0,7.47,50.1,20.6,13.3,1.68,2.17,3850,33.1,43.5,21.7,60.6,2.02,17.5,57.5,65.1,5.9340978084288425,18.183671989499228,512.5,1,1
151,W,W18X55,W18X55,F,55.0,16.2,18.1,18  1/8 ,7.53,7  1/2 ,0.390,  3/8 ,  3/16,0.630,  5/8 ,1.03,1  5/16, 13/16,5.98,41.1,890.0,112.0,98.3,7.41,44.9,18.5,11.9,1.67,1.66,3430,32.9,39.0,19.6,55.3,2.00,17.5,57.3,64.8,5.898775797664386,17.509584861036867,466.6666666666667,1,1
152,W,W18X50,W18X50,F,50.0,14.7,18.0,18      ,7.50,7  1/2 ,0.355,  3/8 ,  3/16,0.570,  9/16,0.972,1  1/4 , 13/16,6.57,45.2,800.0,101.0,88.9,7.38,40.1,16.6,10.7,1.65,1.24,3040,32.7,34.9,17.7,49.9,1.98,17.4,57.1,64.6,5.828131776135471,16.902968929104798,420.8333333333333,1,1
153,W,W18X46,W18X46,F,46.0,13.5,18.1,18      ,6.06,6      ,0.360,  3/8 ,  3/16,0.605,  5/8 ,1.01,1  1/4 , 13/16,5.01,44.6,712.0,90.7,78.8,7.25,22.5,11.7,7.43,1.29,1.22,1720,26.5,24.3,15.1,44.9,1.58,17.5,52.9,59.0,4.556539388615005,13.6628560440541,377.9166666666667,1,1
154,W,W18X40,W18X40,F,40.0,11.8,17.9,17  7/8 ,6.02,6      ,0.315,  5/16,  3/16,0.525,  1/2 ,0.927,1  3/16, 13/16,5.73,50.9,612.0,78.4,68.4,7.21,19.1,10.0,6.35,1.27,0.810,1440,26.1,20.7,13.0,38.6,1.56,17.4,52.6,58.6,4.48589536708609,13.06829439612113,326.6666666666667,1,1
155,W,W18X35,W18X35,F,35.0,10.3,17.7,17  3/4 ,6.00,6      ,0.300,  5/16,  3/16,0.425,  7/16,0.827,1  1/8 ,  3/4 ,7.06,53.5,510.0,66.5,57.6,7.04,15.3,8.06,5.12,1.22,0.506,1140,25.9,16.5,10.5,32.7,1.51,17.3,52.1,58.1,4.3092853132638025,12.30970563052909,277.0833333333333,1,1
156,W,W16X100,W16X100,F,100.0,29.4,17.0,17      ,10.4,10  3/8 ,0.585,  9/16,  5/16,0.985,1      ,1.39,1  7/8 ,1  1/8 ,5.29,24.3,1490.0,198.0,175.0,7.1,186.0,54.9,35.7,2.51,7.73,11900,41.6,107,38.7,98.5,2.92,16.0,63.3,73.7,8.865824701878806,32.71599917497026,825.0,1,1
157,W,W16X89,W16X89,F,89.0,26.2,16.8,16  3/4 ,10.4,10  3/8 ,0.525,  1/2 ,  1/4 ,0.875,  7/8 ,1.28,1  3/4 ,1  1/16,5.92,27.0,1300.0,175.0,155.0,7.05,163.0,48.1,31.4,2.49,5.45,10200,41.4,94.2,34.4,87.3,2.88,15.9,63.1,73.5,8.795180680349894,30.119526301967685,729.1666666666666,1,1
158,W,W16X77,W16X77,F,77.0,22.6,16.5,16  1/2 ,10.3,10  1/4 ,0.455,  7/16,  1/4 ,0.760,  3/4 ,1.16,1  5/8 ,1  1/16,6.77,31.2,1110.0,150.0,134.0,7.0,138.0,41.1,26.9,2.47,3.57,8590,40.5,79.3,29.4,74.4,2.85,15.7,62.3,72.6,8.724536658820979,27.79313674628767,625.0,1,1
159,W,W16X67,W16X67,F,67.0,19.6,16.3,16  3/8 ,10.2,10  1/4 ,0.395,  3/8 ,  3/16,0.665, 11/16,1.07,1  9/16,1      ,7.70,35.9,954.0,130.0,117.0,6.96,119.0,35.5,23.2,2.46,2.39,7300,39.9,67.6,25.5,64.1,2.82,15.6,61.7,71.9,8.689214648056522,26.003550839956954,541.6666666666666,1,1
160,W,W16X57,W16X57,F,57.0,16.8,16.4,16  3/8 ,7.12,7  1/8 ,0.430,  7/16,  1/4 ,0.715, 11/16,1.12,1  3/8 ,  7/8 ,4.98,33.0,758.0,105.0,92.2,6.72,43.1,18.9,12.1,1.6,2.22,2660,27.9,35.5,18.8,52.0,1.92,15.7,52.6,59.7,5.651521722313184,18.29338022061491,437.5,1,1
161,W,W16X50,W16X50,F,50.0,14.7,16.3,16  1/4 ,7.07,7  1/8 ,0.380,  3/8 ,  3/16,0.630,  5/8 ,1.03,1  5/16, 13/16,5.61,37.4,659.0,92.0,81.0,6.68,37.2,16.3,10.5,1.59,1.52,2270,27.7,30.8,16.5,45.6,1.89,15.7,52.3,59.4,5.6161997115487265,17.134190421820342,383.3333333333333,1,1
162,W,W16X45,W16X45,F,45.0,13.3,16.1,16  1/8 ,7.04,7      ,0.345,  3/8 ,  3/16,0.565,  9/16,0.967,1  1/4 , 13/16,6.23,41.1,586.0,82.3,72.7,6.65,32.8,14.5,9.34,1.57,1.11,1990,27.3,27.2,14.7,40.6,1.87,15.5,52.0,59.0,5.545555690019813,16.421844926734952,342.9166666666667,1,1
163,W,W16X40,W16X40,F,40.0,11.8,16.0,16      ,7.00,7      ,0.305,  5/16,  3/16,0.505,  1/2 ,0.907,1  3/16, 13/16,6.93,46.5,518.0,73.0,64.7,6.63,28.9,12.7,8.25,1.57,0.794,1730,27.1,24.0,13.1,36.0,1.86,15.5,51.7,58.7,5.545555690019813,15.854182654750034,304.1666666666667,1,1
164,W,W16X36,W16X36,F,36.0,10.6,15.9,15  7/8 ,6.99,7      ,0.295,  5/16,  3/16,0.430,  7/16,0.832,1  1/8 ,  3/4 ,8.12,48.1,448.0,64.0,56.5,6.51,24.5,10.8,7.0,1.52,0.545,1460,27.0,20.3,11.1,31.6,1.83,15.5,51.5,58.5,5.368945636197526,15.190523805004792,266.6666666666667,1,1
165,W,W16X31,W16X31,F,31.0,9.13,15.9,15  7/8 ,5.53,5  1/2 ,0.275,  1/4 ,  1/8 ,0.440,  7/16,0.842,1  1/8 ,  3/4 ,6.28,51.6,375.0,54.0,47.2,6.41,12.4,7.03,4.49,1.17,0.461,739,21.4,13.0,8.94,26.6,1.42,15.5,47.2,52.7,4.132675259441515,11.801654398631735,225.0,1,1
166,W,W16X26,W16X26,F,26.0,7.68,15.7,15  3/4 ,5.50,5  1/2 ,0.250,  1/4 ,  1/8 ,0.345,  3/8 ,0.747,1  1/16,  3/4 ,7.97,56.8,301.0,44.2,38.4,6.26,9.59,5.48,3.49,1.12,0.262,565,21.1,10.0,6.95,21.6,1.38,15.4,46.7,52.2,3.9560652056192294,11.135025140159813,184.16666666666666,1,1
167,W,W14X730,W14X730,T,730.0,215.0,22.4,22  3/8 ,17.9,17  7/8 ,3.07,3  1/16,1  9/16,4.91,4 15/16,5.51,6  3/16,2  3/4 ,1.82,3.71,14300.0,1660.0,1280.0,8.17,4720.0,816.0,527.0,4.69,1450,362000,78.3,1720,318,829,5.68,17.5,91.1,109,16.56602304853052,275.2532176572544,6916.666666666667,1,1
168,W,W14X665,W14X665,T,665.0,196.0,21.6,21  5/8 ,17.7,17  5/8 ,2.83,2 13/16,1  7/16,4.52,4  1/2 ,5.12,5 13/16,2  5/8 ,1.95,4.03,12400.0,1480.0,1150.0,7.98,4170.0,730.0,472.0,4.62,1120,305000,75.6,1510,287,739,5.57,17.1,89.3,107,16.31876897317932,253.2083145106923,6166.666666666667,1,1
169,W,W14X605,W14X605,T,605.0,178.0,20.9,20  7/8 ,17.4,17  3/8 ,2.60,2  5/8 ,1  5/16,4.16,4  3/16,4.76,5  7/16,2  1/2 ,2.09,4.39,10800.0,1320.0,1040.0,7.8,3680.0,652.0,423.0,4.55,869,258000,72.8,1320,258,657,5.44,16.7,87.6,105,16.071514897828116,231.81555388142488,5500.0,1,1
170,W,W14X550,W14X550,T,550.0,162.0,20.2,20  1/4 ,17.2,17  1/4 ,2.38,2  3/8 ,1  3/16,3.82,3 13/16,4.42,5  1/8 ,2  3/8 ,2.25,4.79,9430.0,1180.0,931.0,7.63,3250.0,583.0,378.0,4.49,669,219000,70.4,1160,232,585,5.35,16.4,85.8,103,15.859582833241374,213.3745392022769,4916.666666666667,1,1
171,W,W14X500,W14X500,T,500.0,147.0,19.6,19  5/8 ,17.0,17      ,2.19,2  3/16,1  1/8 ,3.50,3  1/2 ,4.10,4 13/16,2  5/16,2.43,5.21,8210.0,1050.0,838.0,7.48,2880.0,522.0,339.0,4.43,514,187000,68.4,1020,209,522,5.26,16.1,85.0,102,15.647650768654627,195.65599295182014,4375.0,1,1
172,W,W14X455,W14X455,T,455.0,134.0,19.0,19      ,16.8,16  7/8 ,2.02,2      ,1      ,3.21,3  3/16,3.81,4  1/2 ,2  1/4 ,2.62,5.66,7190.0,936.0,756.0,7.33,2560.0,468.0,304.0,4.38,395,160000,66.3,894,187,466,5.17,15.8,83.2,100,15.471040714832341,179.21678190021544,3900.0,1,1
173,W,W14X426,W14X426,T,426.0,125.0,18.7,18  5/8 ,16.7,16  3/4 ,1.88,1  7/8 , 15/16,3.04,3  1/16,3.63,4  5/16,2  1/8 ,2.75,6.08,6600.0,869.0,706.0,7.26,2360.0,434.0,283.0,4.34,331,144000,65.4,830,176,435,5.11,15.7,82.7,99.4,15.329752671774513,168.37208047220417,3620.8333333333335,1,1
174,W,W14X398,W14X398,T,398.0,117.0,18.3,18  1/4 ,16.6,16  5/8 ,1.77,1  3/4 ,  7/8 ,2.85,2  7/8 ,3.44,4  1/8 ,2  1/8 ,2.92,6.44,6000.0,801.0,656.0,7.16,2170.0,402.0,262.0,4.31,273,129000,64.1,758,163,401,5.05,15.5,81.8,98.4,15.223786639481139,157.82697535128193,3337.5,1,1
175,W,W14X370,W14X370,T,370.0,109.0,17.9,17  7/8 ,16.5,16  1/2 ,1.66,1 11/16, 13/16,2.66,2 11/16,3.26,3 15/16,2  1/16,3.10,6.89,5440.0,736.0,607.0,7.07,1990.0,370.0,241.0,4.27,222,116000,62.9,690,150,367,5.00,15.2,81.0,97.5,15.082498596423308,147.99055187504342,3066.6666666666665,1,1
176,W,W14X342,W14X342,T,342.0,101.0,17.5,17  1/2 ,16.4,16  3/8 ,1.54,1  9/16, 13/16,2.47,2  1/2 ,3.07,3  3/4 ,2      ,3.31,7.41,4900.0,672.0,558.0,6.98,1810.0,338.0,221.0,4.24,178,103000,61.6,624,138,335,4.95,15.0,80.1,96.5,14.97653256412994,137.8185570893389,2800.0,1,1
177,W,W14X311,W14X311,T,311.0,91.4,17.1,17  1/8 ,16.2,16  1/4 ,1.41,1  7/16,  3/4 ,2.26,2  1/4 ,2.86,3  9/16,1 15/16,3.59,8.09,4330.0,603.0,506.0,6.88,1610.0,304.0,199.0,4.2,136,89100,60.1,550,124,300,4.87,14.8,79.0,95.2,14.835244521072108,125.42163220883805,2512.5,1,1
178,W,W14X283,W14X283,T,283.0,83.3,16.7,16  3/4 ,16.1,16  1/8 ,1.29,1  5/16, 11/16,2.07,2  1/16,2.67,3  3/8 ,1  7/8 ,3.89,8.84,3840.0,542.0,459.0,6.79,1440.0,274.0,179.0,4.17,104,77700,58.9,491,112,269,4.80,14.6,78.1,94.2,14.729278488778737,114.42764262248426,2258.3333333333335,1,1
179,W,W14X257,W14X257,F,257.0,75.6,16.4,16  3/8 ,16.0,16      ,1.18,1  3/16,  5/8 ,1.89,1  7/8 ,2.49,3  3/16,1 13/16,4.23,9.71,3400.0,487.0,415.0,6.71,1290.0,246.0,161.0,4.13,79.1,67800,58.0,439,102,243,4.75,14.5,77.4,93.4,14.587990445720905,104.41480552750232,2029.1666666666667,1,1
180,W,W14X233,W14X233,F,233.0,68.5,16.0,16      ,15.9,15  7/8 ,1.07,1  1/16,  9/16,1.72,1  3/4 ,2.32,3      ,1  3/4 ,4.62,10.7,3010.0,436.0,375.0,6.63,1150.0,221.0,145.0,4.1,59.5,59000,56.8,388,91.1,216,4.69,14.3,76.5,92.4,14.482024413427533,94.97484784297563,1816.6666666666667,1,1
181,W,W14X211,W14X211,F,211.0,62.0,15.7,15  3/4 ,15.8,15  3/4 ,0.980,1      ,  1/2 ,1.56,1  9/16,2.16,2  7/8 ,1 11/16,5.06,11.6,2660.0,390.0,338.0,6.55,1030.0,198.0,130.0,4.07,44.6,51500,55.9,344,81.7,194,4.64,14.1,75.8,91.6,14.376058381134165,86.61677012364481,1625.0,1,1
182,W,W14X193,W14X193,F,193.0,56.8,15.5,15  1/2 ,15.7,15  3/4 ,0.890,  7/8 ,  7/16,1.44,1  7/16,2.04,2  3/4 ,1 11/16,5.45,12.8,2400.0,355.0,310.0,6.5,931.0,180.0,119.0,4.05,34.8,45900,55.2,312,75.0,177,4.59,14.1,75.3,91.0,14.305414359605246,79.41266342382765,1479.1666666666667,1,1
183,W,W14X176,W14X176,F,176.0,51.8,15.2,15  1/4 ,15.7,15  5/8 ,0.830, 13/16,  7/16,1.31,1  5/16,1.91,2  5/8 ,1  5/8 ,5.97,13.7,2140.0,320.0,281.0,6.43,838.0,163.0,107.0,4.02,26.5,40500,54.5,280,67.6,159,4.55,13.9,74.8,90.5,14.199448327311876,73.13357172340656,1333.3333333333333,1,1
184,W,W14X159,W14X159,F,159.0,46.7,15.0,15      ,15.6,15  5/8 ,0.745,  3/4 ,  3/8 ,1.19,1  3/16,1.79,2  1/2 ,1  9/16,6.54,15.3,1900.0,287.0,254.0,6.38,748.0,146.0,96.2,4.0,19.7,35600,53.9,250,61.0,143,4.51,13.8,74.3,89.9,14.128804305782962,66.64963948337927,1195.8333333333333,1,1
185,W,W14X145,W14X145,F,145.0,42.7,14.8,14  3/4 ,15.5,15  1/2 ,0.680, 11/16,  3/8 ,1.09,1  1/16,1.69,2  3/8 ,1  9/16,7.11,16.8,1710.0,260.0,232.0,6.33,677.0,133.0,87.3,3.98,15.2,31700,53.1,224,55.4,129,4.47,13.7,73.7,89.2,14.058160284254045,61.644236082751966,1083.3333333333333,1,1
186,W,W14X132,W14X132,F,132.0,38.8,14.7,14  5/8 ,14.7,14  3/4 ,0.645,  5/8 ,  5/16,1.03,1      ,1.63,2  5/16,1  9/16,7.15,17.7,1530.0,234.0,209.0,6.28,548.0,113.0,74.5,3.76,12.3,25500,50.2,190,49.5,116,4.23,13.7,71.2,85.9,13.281076047435981,55.81247577977897,975.0,1,1
187,W,W14X120,W14X120,F,120.0,35.3,14.5,14  1/2 ,14.7,14  5/8 ,0.590,  9/16,  5/16,0.940, 15/16,1.54,2  1/4 ,1  1/2 ,7.80,19.3,1380.0,212.0,190.0,6.24,495.0,102.0,67.5,3.74,9.37,22700,49.8,172,45.0,105,4.20,13.6,70.9,85.6,13.21043202590707,51.85314668340619,883.3333333333334,1,1
188,W,W14X109,W14X109,F,109.0,32.0,14.3,14  3/8 ,14.6,14  5/8 ,0.525,  1/2 ,  1/4 ,0.860,  7/8 ,1.46,2  3/16,1  1/2 ,8.49,21.7,1240.0,192.0,173.0,6.22,447.0,92.7,61.2,3.73,7.12,20200,49.1,154,40.7,94.8,4.17,13.4,70.3,84.9,13.175110015142609,48.452696830227644,800.0,1,1
191,W,W14X82,W14X82,F,82.0,24.0,14.3,14  1/4 ,10.1,10  1/8 ,0.510,  1/2 ,  1/4 ,0.855,  7/8 ,1.45,1 11/16,1  1/16,5.92,22.4,881.0,139.0,123.0,6.05,148.0,44.8,29.3,2.48,5.07,6710,33.9,73.3,27.6,68.2,2.85,13.4,56.9,67.0,8.759858669585435,33.13306506039998,579.1666666666666,1,1
192,W,W14X74,W14X74,F,74.0,21.8,14.2,14  1/8 ,10.1,10  1/8 ,0.450,  7/16,  1/4 ,0.785, 13/16,1.38,1  5/8 ,1  1/16,6.41,25.4,795.0,126.0,112.0,6.04,134.0,40.5,26.6,2.48,3.87,5990,33.9,67.1,25.4,62.2,2.83,13.4,56.8,66.9,8.759858669585435,31.011941122769688,525.0,1,1
193,W,W14X68,W14X68,F,68.0,20.0,14.0,14      ,10.0,10      ,0.415,  7/16,  1/4 ,0.720,  3/4 ,1.31,1  9/16,1  1/16,6.97,27.5,722.0,115.0,103.0,6.01,121.0,36.9,24.2,2.46,3.01,5380,33.2,59.8,22.9,56.0,2.80,13.3,56.2,66.2,8.689214648056522,29.228612206414365,479.1666666666667,1,1
194,W,W14X61,W14X61,F,61.0,17.9,13.9,13  7/8 ,10.0,10      ,0.375,  3/8 ,  3/16,0.645,  5/8 ,1.24,1  1/2 ,1      ,7.75,30.4,640.0,102.0,92.1,5.98,107.0,32.8,21.5,2.45,2.19,4710,33.1,53.4,20.6,50.2,2.78,13.3,56.0,66.0,8.653892637292063,27.457865705971184,425.0,1,1
195,W,W14X53,W14X53,F,53.0,15.6,13.9,13  7/8 ,8.06,8      ,0.370,  3/8 ,  3/16,0.660, 11/16,1.25,1  1/2 ,1      ,6.11,30.9,541.0,87.1,77.8,5.89,57.7,22.0,14.3,1.92,1.94,2540,26.7,35.5,16.8,42.5,2.22,13.2,50.2,58.3,6.781826066775821,22.23557216205246,362.9166666666667,1,1
196,W,W14X48,W14X48,F,48.0,14.1,13.8,13  3/4 ,8.03,8      ,0.340,  5/16,  3/16,0.595,  5/8 ,1.19,1  7/16,1      ,6.75,33.6,484.0,78.4,70.2,5.85,51.4,19.6,12.8,1.91,1.45,2240,26.5,31.7,15.1,38.3,2.20,13.2,50.0,58.0,6.746504056011363,21.055188787785372,326.6666666666667,1,1
197,W,W14X43,W14X43,F,43.0,12.6,13.7,13  5/8 ,8.00,8      ,0.305,  5/16,  3/16,0.530,  1/2 ,1.12,1  3/8 ,1      ,7.54,37.4,428.0,69.6,62.6,5.82,45.2,17.3,11.3,1.89,1.05,1950,26.3,27.9,13.4,34.0,2.18,13.2,49.8,57.8,6.675860034482448,19.986907488330928,289.99999999999994,1,1
198,W,W14X38,W14X38,F,38.0,11.2,14.1,14  1/8 ,6.77,6  3/4 ,0.310,  5/16,  3/16,0.515,  1/2 ,0.915,1  1/4 , 13/16,6.57,39.6,385.0,61.5,54.6,5.87,26.7,12.1,7.88,1.55,0.798,1230,23.0,20.0,11.3,30.3,1.82,13.6,47.2,54.0,5.474911668490898,16.20240418370391,256.25,1,1
199,W,W14X34,W14X34,F,34.0,10.0,14.0,14      ,6.75,6  3/4 ,0.285,  5/16,  3/16,0.455,  7/16,0.855,1  3/16,  3/4 ,7.41,43.1,340.0,54.6,48.6,5.83,23.3,10.6,6.91,1.53,0.569,1070,22.9,17.6,10.0,26.9,1.80,13.5,47.0,53.7,5.404267646961983,15.52338259873713,227.5,1,1
200,W,W14X30,W14X30,F,30.0,8.85,13.8,13  7/8 ,6.73,6  3/4 ,0.270,  1/4 ,  1/8 ,0.385,  3/8 ,0.785,1  1/8 ,  3/4 ,8.74,45.4,291.0,47.3,42.0,5.73,19.6,8.99,5.82,1.49,0.380,887,22.6,14.6,8.34,23.1,1.77,13.4,46.6,53.3,5.262979603904152,14.814976735920025,197.08333333333334,1,1
201,W,W14X26,W14X26,F,26.0,7.69,13.9,13  7/8 ,5.03,5      ,0.255,  1/4 ,  1/8 ,0.420,  7/16,0.820,1  1/8 ,  3/4 ,5.98,48.1,245.0,40.2,35.3,5.65,8.91,5.54,3.55,1.08,0.358,405,17.0,8.95,6.76,19.7,1.30,13.5,41.7,46.7,3.8147771625613998,11.011201913149463,167.50000000000003,1,1
202,W,W14X22,W14X22,F,22.0,6.49,13.7,13  3/4 ,5.00,5      ,0.230,  1/4 ,  1/8 ,0.335,  5/16,0.735,1  1/16,  3/4 ,7.46,53.3,199.0,33.2,29.0,5.54,7.0,4.39,2.8,1.04,0.208,314,16.7,7.00,5.34,16.1,1.27,13.4,41.3,46.3,3.6734891195035697,10.398285634707785,138.33333333333334,1,1
203,W,W12X336,W12X336,T,336.0,98.9,16.8,16  7/8 ,13.4,13  3/8 ,1.78,1  3/4 ,  7/8 ,2.96,2 15/16,3.55,3  7/8 ,1 11/16,2.26,5.47,4060.0,603.0,483.0,6.41,1190.0,274.0,177.0,3.47,243,57000,46.4,460,119,301,4.13,13.8,69.2,82.6,12.25673773526672,150.29140318120156,2512.5,1,1
204,W,W12X305,W12X305,T,305.0,89.5,16.3,16  3/8 ,13.2,13  1/4 ,1.63,1  5/8 , 13/16,2.71,2 11/16,3.30,3  5/8 ,1  5/8 ,2.45,5.98,3550.0,537.0,435.0,6.29,1050.0,244.0,159.0,3.42,185,48600,44.8,401,107,267,4.05,13.6,67.9,81.1,12.08012768144443,136.54081035802224,2237.5,1,1
205,W,W12X279,W12X279,T,279.0,81.9,15.9,15  7/8 ,13.1,13  1/8 ,1.53,1  1/2 ,  3/4 ,2.47,2  1/2 ,3.07,3  3/8 ,1  5/8 ,2.66,6.35,3110.0,481.0,393.0,6.16,937.0,220.0,143.0,3.38,143,42000,44.0,356,96.0,240,4.00,13.4,67.0,80.1,11.938839638386602,125.71567597573001,2004.1666666666667,1,1
206,W,W12X252,W12X252,T,252.0,74.1,15.4,15  3/8 ,13.0,13      ,1.40,1  3/8 , 11/16,2.25,2  1/4 ,2.85,3  1/8 ,1  1/2 ,2.89,6.96,2720.0,428.0,353.0,6.06,828.0,196.0,127.0,3.34,108,35800,42.7,313,85.8,213,3.93,13.2,66.0,79.0,11.797551595328772,114.18356676984325,1783.3333333333333,1,1
207,W,W12X230,W12X230,T,230.0,67.7,15.1,15      ,12.9,12  7/8 ,1.29,1  5/16, 11/16,2.07,2  1/16,2.67,2 15/16,1  1/2 ,3.11,7.56,2420.0,386.0,321.0,5.97,742.0,177.0,115.0,3.31,83.8,31200,42.0,281,78.3,193,3.87,13.0,65.3,78.2,11.691585563035401,104.73776964580598,1608.3333333333333,1,1
208,W,W12X210,W12X210,F,210.0,61.8,14.7,14  3/4 ,12.8,12  3/4 ,1.18,1  3/16,  5/8 ,1.90,1  7/8 ,2.50,2 13/16,1  7/16,3.37,8.23,2140.0,348.0,292.0,5.89,664.0,159.0,104.0,3.28,64.7,27200,41.0,249,70.6,173,3.81,12.8,64.4,77.2,11.585619530742028,95.83366551361557,1450.0,1,1
209,W,W12X190,W12X190,F,190.0,56.0,14.4,14  3/8 ,12.7,12  5/8 ,1.06,1  1/16,  9/16,1.74,1  3/4 ,2.33,2  5/8 ,1  3/8 ,3.65,9.16,1890.0,311.0,263.0,5.82,589.0,143.0,93.0,3.25,48.8,23600,40.2,222,64.1,156,3.77,12.7,63.8,76.5,11.479653498448656,87.25684754933424,1295.8333333333333,1,1
210,W,W12X170,W12X170,F,170.0,50.0,14.0,14      ,12.6,12  5/8 ,0.960, 15/16,  1/2 ,1.56,1  9/16,2.16,2  7/16,1  5/16,4.03,10.1,1650.0,275.0,235.0,5.74,517.0,126.0,82.3,3.22,35.6,20100,39.2,193,56.5,136,3.70,12.4,62.9,75.5,11.373687466155284,78.49297245644944,1145.8333333333333,1,1
211,W,W12X152,W12X152,F,152.0,44.7,13.7,13  3/4 ,12.5,12  1/2 ,0.870,  7/8 ,  7/16,1.40,1  3/8 ,2.00,2  5/16,1  1/4 ,4.46,11.2,1430.0,243.0,209.0,5.66,454.0,111.0,72.8,3.19,25.8,17200,38.4,168,50.1,121,3.66,12.3,62.1,74.6,11.26772143386191,70.63500696033869,1012.5,1,1
212,W,W12X136,W12X136,F,136.0,39.9,13.4,13  3/8 ,12.4,12  3/8 ,0.790, 13/16,  7/16,1.25,1  1/4 ,1.85,2  1/8 ,1  1/4 ,4.96,12.3,1240.0,214.0,186.0,5.58,398.0,98.0,64.2,3.16,18.5,14700,37.7,146,44.1,106,3.61,12.2,61.4,73.8,11.16175540156854,63.152065593811585,891.6666666666666,1,1
213,W,W12X120,W12X120,F,120.0,35.2,13.1,13  1/8 ,12.3,12  3/8 ,0.710, 11/16,  3/8 ,1.11,1  1/8 ,1.70,2      ,1  3/16,5.57,13.7,1070.0,186.0,163.0,5.51,345.0,85.4,56.0,3.13,12.9,12400,36.9,126,38.6,92.4,3.56,12.0,60.7,73.0,11.055789369275166,56.49098675714155,775.0,1,1
214,W,W12X106,W12X106,F,106.0,31.2,12.9,12  7/8 ,12.2,12  1/4 ,0.610,  5/8 ,  5/16,0.990,1      ,1.59,1  7/8 ,1  1/8 ,6.17,15.9,933.0,164.0,145.0,5.47,301.0,75.1,49.3,3.11,9.13,10700,36.3,110,34.2,81.0,3.52,11.9,60.2,72.4,10.985145347746252,50.67482583982176,683.3333333333334,1,1
215,W,W12X96,W12X96,F,96.0,28.2,12.7,12  3/4 ,12.2,12  1/8 ,0.550,  9/16,  5/16,0.900,  7/8 ,1.50,1 13/16,1  1/8 ,6.76,17.7,833.0,147.0,131.0,5.44,270.0,67.5,44.4,3.09,6.85,9410,36.0,98.8,30.9,73.0,3.49,11.8,59.9,72.1,10.914501326217335,46.634600322099594,612.5,1,1
216,W,W12X87,W12X87,F,87.0,25.6,12.5,12  1/2 ,12.1,12  1/8 ,0.515,  1/2 ,  1/4 ,0.810, 13/16,1.41,1 11/16,1  1/16,7.48,18.9,740.0,132.0,118.0,5.38,241.0,60.4,39.7,3.07,5.10,8270,35.4,86.6,27.4,64.9,3.46,11.7,59.2,71.3,10.843857304688422,43.019783280059706,550.0,1,1
217,W,W12X79,W12X79,F,79.0,23.2,12.4,12  3/8 ,12.1,12  1/8 ,0.470,  1/2 ,  1/4 ,0.735,  3/4 ,1.33,1  5/8 ,1  1/16,8.22,20.7,662.0,119.0,107.0,5.34,216.0,54.3,35.8,3.05,3.84,7330,35.3,78.5,24.9,58.9,3.43,11.7,59.1,71.2,10.773213283159507,39.83611029660059,495.8333333333333,1,1
218,W,W12X72,W12X72,F,72.0,21.1,12.3,12  1/4 ,12.0,12      ,0.430,  7/16,  1/4 ,0.670, 11/16,1.27,1  9/16,1  1/16,8.99,22.6,597.0,108.0,97.4,5.31,195.0,49.2,32.4,3.04,2.93,6540,34.9,70.1,22.5,53.2,3.41,11.6,58.7,70.7,10.737891272395052,37.43545017277662,450.0,1,1
220,W,W12X58,W12X58,F,58.0,17.0,12.2,12  1/4 ,10.0,10      ,0.360,  3/8 ,  3/16,0.640,  5/8 ,1.24,1  1/2 , 15/16,7.82,27.0,475.0,86.4,78.0,5.28,107.0,32.5,21.4,2.51,2.10,3570,28.9,46.2,17.8,42.4,2.81,11.6,52.6,62.6,8.865824701878806,29.808150045869414,360.0,1,1
221,W,W12X53,W12X53,F,53.0,15.6,12.1,12      ,10.0,10      ,0.345,  3/8 ,  3/16,0.575,  9/16,1.18,1  3/8 , 15/16,8.69,28.1,425.0,77.9,70.6,5.23,95.8,29.1,19.2,2.48,1.58,3160,28.8,41.4,16.0,38.3,2.79,11.5,52.5,62.5,8.759858669585435,28.163111721156103,324.58333333333337,1,1
222,W,W12X50,W12X50,F,50.0,14.6,12.2,12  1/4 ,8.08,8  1/8 ,0.370,  3/8 ,  3/16,0.640,  5/8 ,1.14,1  1/2 , 15/16,6.31,26.8,391.0,71.9,64.2,5.18,56.3,21.3,13.9,1.96,1.71,1880,23.4,30.2,14.3,35.4,2.25,11.6,47.0,55.1,6.923114109833651,23.79158634518063,299.58333333333337,1,1
223,W,W12X45,W12X45,F,45.0,13.1,12.1,12      ,8.05,8      ,0.335,  5/16,  3/16,0.575,  9/16,1.08,1  3/8 , 15/16,7.00,29.6,348.0,64.2,57.7,5.15,50.0,19.0,12.4,1.95,1.26,1650,23.2,26.8,12.8,31.7,2.23,11.5,46.8,54.9,6.887792099069194,22.36578009904001,267.5,1,1
224,W,W12X40,W12X40,F,40.0,11.7,11.9,12      ,8.01,8      ,0.295,  5/16,  3/16,0.515,  1/2 ,1.02,1  3/8 ,  7/8 ,7.77,33.6,307.0,57.0,51.5,5.13,44.1,16.8,11.0,1.94,0.906,1440,22.8,23.5,11.3,27.8,2.21,11.4,46.4,54.4,6.852470088304735,21.08536412200526,237.5,1,1
225,W,W12X35,W12X35,F,35.0,10.3,12.5,12  1/2 ,6.56,6  1/2 ,0.300,  5/16,  3/16,0.520,  1/2 ,0.820,1  3/16,  3/4 ,6.31,36.2,285.0,51.2,45.6,5.25,24.5,11.5,7.47,1.54,0.741,879,19.6,16.8,9.75,25.4,1.79,12.0,43.5,50.1,5.439589657726439,16.61504599908215,213.33333333333334,1,1
226,W,W12X30,W12X30,F,30.0,8.79,12.3,12  3/8 ,6.52,6  1/2 ,0.260,  1/4 ,  1/8 ,0.440,  7/16,0.740,1  1/8 ,  3/4 ,7.41,41.8,238.0,43.1,38.6,5.21,20.3,9.56,6.24,1.52,0.457,720,19.3,13.9,8.17,21.3,1.77,11.9,43.1,49.6,5.368945636197526,15.567117916943252,179.58333333333334,1,1
227,W,W12X26,W12X26,F,26.0,7.65,12.2,12  1/4 ,6.49,6  1/2 ,0.230,  1/4 ,  1/8 ,0.380,  3/8 ,0.680,1  1/16,  3/4 ,8.54,47.2,204.0,37.2,33.4,5.17,17.3,8.17,5.34,1.51,0.300,607,19.2,11.8,7.03,18.3,1.75,11.8,42.9,49.4,5.333623625433067,14.845796723683607,155.00000000000003,1,1
228,W,W12X22,W12X22,F,22.0,6.48,12.3,12  1/4 ,4.03,4      ,0.260,  1/4 ,  1/8 ,0.425,  7/16,0.725, 15/16,  5/8 ,4.74,41.8,156.0,29.3,25.4,4.91,4.66,3.66,2.31,0.848,0.293,164,12.0,5.12,4.76,14.4,1.04,11.9,35.7,39.7,2.9953065128259877,9.11110732253763,122.08333333333333,1,1
229,W,W12X19,W12X19,F,19.0,5.57,12.2,12  1/8 ,4.01,4      ,0.235,  1/4 ,  1/8 ,0.350,  3/8 ,0.650,  7/8 ,  9/16,5.72,46.2,130.0,24.7,21.3,4.82,3.76,2.98,1.88,0.8220000000000001,0.180,131,11.9,4.17,3.91,12.2,1.02,11.9,35.5,39.5,2.903469284838399,8.584293626386684,102.91666666666667,1,1
230,W,W12X16,W12X16,F,16.0,4.71,12.0,12      ,3.99,4      ,0.220,  1/4 ,  1/8 ,0.265,  1/4 ,0.565, 13/16,  9/16,7.53,49.4,103.0,20.1,17.1,4.67,2.82,2.26,1.41,0.773,0.103,96.9,11.7,3.09,2.93,9.82,0.983,11.7,35.0,39.0,2.7303914320925577,8.02246251152299,83.75000000000001,1,1
231,W,W12X14,W12X14,F,14.0,4.16,11.9,11  7/8 ,3.97,4      ,0.200,  3/16,  1/8 ,0.225,  1/4 ,0.525,  3/4 ,  9/16,8.82,54.3,88.6,17.4,14.9,4.62,2.36,1.9,1.19,0.753,0.0704,80.4,11.6,2.59,2.48,8.49,0.961,11.7,34.8,38.8,2.6597474105636425,7.70599014429387,72.49999999999999,1,1
232,W,W10X112,W10X112,F,112.0,32.9,11.4,11  3/8 ,10.4,10  3/8 ,0.755,  3/4 ,  3/8 ,1.25,1  1/4 ,1.75,1 15/16,1      ,4.17,10.4,716.0,147.0,126.0,4.66,236.0,69.2,45.3,2.68,15.1,6020,26.4,85.8,30.6,73.5,3.08,10.2,51.6,62.0,9.466298884874584,64.11738782837078,612.5,1,1
233,W,W10X100,W10X100,F,100.0,29.3,11.1,11  1/8 ,10.3,10  3/8 ,0.680, 11/16,  3/8 ,1.12,1  1/8 ,1.62,1 13/16,1      ,4.62,11.6,623.0,130.0,112.0,4.6,207.0,61.0,40.0,2.65,10.9,5150,25.7,74.1,26.9,64.2,3.04,10.0,50.9,61.2,9.36033285258121,57.81518802075795,541.6666666666666,1,1
234,W,W10X88,W10X88,F,88.0,26.0,10.8,10  7/8 ,10.3,10  1/4 ,0.605,  5/8 ,  5/16,0.990,1      ,1.49,1 11/16, 15/16,5.18,13.0,534.0,113.0,98.5,4.54,179.0,53.1,34.8,2.63,7.53,4330,25.3,64.4,23.5,55.9,2.99,9.81,50.4,60.7,9.289688831052297,51.21774706710814,470.8333333333333,1,1
235,W,W10X77,W10X77,F,77.0,22.7,10.6,10  5/8 ,10.2,10  1/4 ,0.530,  1/2 ,  1/4 ,0.870,  7/8 ,1.37,1  9/16,  7/8 ,5.86,14.8,455.0,97.6,85.9,4.49,154.0,45.9,30.1,2.6,5.11,3630,24.8,55.0,20.5,48.4,2.95,9.73,49.9,60.1,9.183722798758925,45.2462514281954,406.6666666666667,1,1
236,W,W10X68,W10X68,F,68.0,19.9,10.4,10  3/8 ,10.1,10  1/8 ,0.470,  1/2 ,  1/4 ,0.770,  3/4 ,1.27,1  7/16,  7/8 ,6.58,16.7,394.0,85.3,75.7,4.44,134.0,40.1,26.4,2.59,3.56,3100,24.3,47.3,17.9,42.1,2.92,9.63,49.3,59.4,9.148400787994467,40.62453519326165,355.4166666666667,1,1
237,W,W10X60,W10X60,F,60.0,17.7,10.2,10  1/4 ,10.1,10  1/8 ,0.420,  7/16,  1/4 ,0.680, 11/16,1.18,1  3/8 , 13/16,7.41,18.7,341.0,74.6,66.7,4.39,116.0,35.0,23.0,2.57,2.48,2640,24.0,41.3,15.7,36.8,2.88,9.52,49.0,59.1,9.077756766465553,36.587503451344986,310.8333333333333,1,1
238,W,W10X54,W10X54,F,54.0,15.8,10.1,10  1/8 ,10.0,10      ,0.370,  3/8 ,  3/16,0.615,  5/8 ,1.12,1  5/16, 13/16,8.15,21.2,303.0,66.6,60.0,4.37,103.0,31.3,20.6,2.56,1.82,2320,23.7,36.5,14.0,32.8,2.85,9.49,48.6,58.6,9.042434755701095,33.586737227241635,277.49999999999994,1,1
239,W,W10X49,W10X49,F,49.0,14.4,10.0,10      ,10.0,10      ,0.340,  5/16,  3/16,0.560,  9/16,1.06,1  1/4 , 13/16,8.93,23.1,272.0,60.4,54.6,4.35,93.4,28.3,18.7,2.54,1.39,2070,23.6,33.0,12.8,29.8,2.84,9.44,48.5,58.5,8.97179073417218,31.57518587411713,251.66666666666666,1,1
240,W,W10X45,W10X45,F,45.0,13.3,10.1,10  1/8 ,8.02,8      ,0.350,  3/8 ,  3/16,0.620,  5/8 ,1.12,1  5/16, 13/16,6.47,22.5,248.0,54.9,49.1,4.32,53.4,20.3,13.3,2.01,1.51,1200,19.0,23.6,11.3,27.0,2.27,9.48,42.7,50.7,7.099724163655938,26.894284594408944,228.75,1,1
241,W,W10X39,W10X39,F,39.0,11.5,9.92,9  7/8 ,7.99,8      ,0.315,  5/16,  3/16,0.530,  1/2 ,1.03,1  3/16, 13/16,7.53,25.0,209.0,46.8,42.1,4.27,45.0,17.2,11.3,1.98,0.976,992,18.8,19.9,9.55,23.0,2.24,9.39,42.3,50.3,6.993758131362565,24.213033755641405,195.0,1,1
242,W,W10X33,W10X33,F,33.0,9.71,9.73,9  3/4 ,7.96,8      ,0.290,  5/16,  3/16,0.435,  7/16,0.935,1  1/8 ,  3/4 ,9.15,27.1,171.0,38.8,35.0,4.19,36.6,14.0,9.2,1.94,0.583,791,18.5,16.0,7.75,18.9,2.20,9.30,41.9,49.9,6.852470088304735,21.739022526656385,161.66666666666666,1,1
244,W,W10X26,W10X26,F,26.0,7.61,10.3,10  3/8 ,5.77,5  3/4 ,0.260,  1/4 ,  1/8 ,0.440,  7/16,0.740,1  1/16, 11/16,6.56,34.0,144.0,31.3,27.9,4.35,14.1,7.5,4.89,1.36,0.402,345,14.2,9.03,5.98,15.4,1.58,9.86,36.8,42.6,4.803793463966207,14.897337523808941,130.41666666666666,1,1
245,W,W10X22,W10X22,F,22.0,6.49,10.2,10  1/8 ,5.75,5  3/4 ,0.240,  1/4 ,  1/8 ,0.360,  3/8 ,0.660, 15/16,  5/8 ,7.99,36.9,118.0,26.0,23.2,4.27,11.4,6.1,3.97,1.33,0.239,275,14.1,7.32,4.88,12.9,1.55,9.84,36.6,42.4,4.697827431672835,13.740750485593367,108.33333333333333,1,1
246,W,W10X19,W10X19,F,19.0,5.62,10.2,10  1/4 ,4.02,4      ,0.250,  1/4 ,  1/8 ,0.395,  3/8 ,0.695, 15/16,  5/8 ,5.09,35.4,96.3,21.6,18.8,4.14,4.29,3.35,2.14,0.8740000000000001,0.233,104,9.85,3.91,3.65,10.6,1.06,9.81,31.5,35.5,3.0871437408135773,9.707826543656356,90.0,1,1
247,W,W10X17,W10X17,F,17.0,4.99,10.1,10  1/8 ,4.01,4      ,0.240,  1/4 ,  1/8 ,0.330,  5/16,0.630,  7/8 ,  9/16,6.08,36.9,81.9,18.7,16.2,4.05,3.56,2.8,1.78,0.845,0.156,85.1,9.79,3.24,3.04,9.14,1.04,9.77,31.2,35.2,2.9847099095966505,9.133822868996086,77.91666666666667,1,1
248,W,W10X15,W10X15,F,15.0,4.41,9.99,10      ,4.00,4      ,0.230,  1/4 ,  1/8 ,0.270,  1/4 ,0.570, 13/16,  9/16,7.41,38.5,68.9,16.0,13.8,3.95,2.89,2.3,1.45,0.81,0.104,68.3,9.73,2.63,2.48,7.83,1.01,9.72,31.0,35.0,2.86108287192105,8.587040118679937,66.66666666666667,1,1
250,W,W8X67,W8X67,F,67.0,19.7,9.00,9      ,8.28,8  1/4 ,0.570,  9/16,  5/16,0.935, 15/16,1.33,1  5/8 , 15/16,4.43,11.1,272.0,70.1,60.4,3.72,88.6,32.7,21.4,2.12,5.05,1440,16.7,32.3,14.5,34.8,2.43,8.07,41.0,49.3,7.48826628206497,47.615655746760666,292.0833333333333,1,1
251,W,W8X58,W8X58,F,58.0,17.1,8.75,8  3/4 ,8.22,8  1/4 ,0.510,  1/2 ,  1/4 ,0.810, 13/16,1.20,1  1/2 ,  7/8 ,5.07,12.4,228.0,59.8,52.0,3.65,75.1,27.9,18.3,2.1,3.33,1180,16.3,27.2,12.4,29.7,2.39,7.94,40.5,48.7,7.417622260536054,41.60013478703299,249.16666666666666,1,1
252,W,W8X48,W8X48,F,48.0,14.1,8.50,8  1/2 ,8.11,8  1/8 ,0.400,  3/8 ,  3/16,0.685, 11/16,1.08,1  3/8 , 13/16,5.92,15.9,184.0,49.0,43.2,3.61,60.9,22.9,15.0,2.08,1.96,931,15.8,22.0,10.3,24.2,2.35,7.82,39.9,48.0,7.346978239007139,35.216877894714,204.16666666666666,1,1
253,W,W8X40,W8X40,F,40.0,11.7,8.25,8  1/4 ,8.07,8  1/8 ,0.360,  3/8 ,  3/16,0.560,  9/16,0.954,1  1/4 , 13/16,7.21,17.6,146.0,39.8,35.5,3.53,49.1,18.5,12.2,2.04,1.12,726,15.5,17.5,8.30,19.7,2.31,7.69,39.3,47.4,7.20569019594931,29.921564316949087,165.83333333333331,1,1
254,W,W8X35,W8X35,F,35.0,10.3,8.12,8  1/8 ,8.02,8      ,0.310,  5/16,  3/16,0.495,  1/2 ,0.889,1  3/16, 13/16,8.10,20.5,127.0,34.7,31.2,3.51,42.6,16.1,10.6,2.03,0.769,619,15.3,15.2,7.28,17.1,2.28,7.63,39.0,47.0,7.170368185184851,26.97157401447345,144.58333333333334,1,1
256,W,W8X28,W8X28,F,28.0,8.25,8.06,8      ,6.54,6  1/2 ,0.285,  5/16,  3/16,0.465,  7/16,0.859, 15/16,  5/8 ,7.03,22.3,98.0,27.2,24.3,3.45,21.7,10.1,6.63,1.62,0.537,312,12.4,9.44,5.52,13.4,1.84,7.60,34.5,41.0,5.7221657438421,20.978437943357612,113.33333333333333,1,1
257,W,W8X24,W8X24,F,24.0,7.08,7.93,7  7/8 ,6.50,6  1/2 ,0.245,  1/4 ,  1/8 ,0.400,  3/8 ,0.794,  7/8 ,  9/16,8.12,25.9,82.7,23.1,20.9,3.42,18.3,8.57,5.63,1.61,0.346,259,12.2,7.95,4.71,11.3,1.81,7.53,34.2,40.7,5.686843733077642,18.897434547886977,96.25,1,1
258,W,W8X21,W8X21,F,21.0,6.16,8.28,8  1/4 ,5.27,5  1/4 ,0.250,  1/4 ,  1/8 ,0.400,  3/8 ,0.700,  7/8 ,  9/16,6.59,27.5,75.3,20.4,18.2,3.49,9.77,5.69,3.71,1.26,0.282,152,10.4,5.47,3.96,10.1,1.46,7.88,31.3,36.6,4.450573356321633,14.778301262993699,84.99999999999999,1,1
259,W,W8X18,W8X18,F,18.0,5.26,8.14,8  1/8 ,5.25,5  1/4 ,0.230,  1/4 ,  1/8 ,0.330,  5/16,0.630, 13/16,  9/16,7.95,29.9,61.9,17.0,15.2,3.43,7.97,4.66,3.04,1.23,0.172,122,10.3,4.44,3.23,8.37,1.43,7.81,31.0,36.3,4.344607324028261,13.458687148054421,70.83333333333333,1,1
260,W,W8X15,W8X15,F,15.0,4.44,8.11,8  1/8 ,4.02,4      ,0.245,  1/4 ,  1/8 ,0.315,  5/16,0.615, 13/16,  9/16,6.37,28.1,48.0,13.6,11.8,3.29,3.41,2.67,1.7,0.8759999999999999,0.137,51.8,7.81,2.47,2.31,6.64,1.06,7.80,27.3,31.3,3.0942081429664676,10.033860158691231,56.666666666666664,1,1
261,W,W8X13,W8X13,F,13.0,3.84,7.99,8      ,4.00,4      ,0.230,  1/4 ,  1/8 ,0.255,  1/4 ,0.555,  3/4 ,  9/16,7.84,29.9,39.6,11.4,9.91,3.21,2.73,2.15,1.37,0.843,0.0871,40.8,7.74,1.97,1.86,5.55,1.03,7.74,27.0,31.0,2.977645507443759,9.254285039067522,47.5,1,1
263,W,W6X25,W6X25,F,25.0,7.34,6.38,6  3/8 ,6.08,6  1/8 ,0.320,  5/16,  3/16,0.455,  7/16,0.705, 15/16,  9/16,6.68,15.5,53.4,18.9,16.7,2.7,17.1,8.56,5.61,1.52,0.461,150,9.01,6.23,3.88,9.39,1.74,5.93,29.9,36.0,5.368945636197526,23.727444769855765,78.74999999999999,1,1
264,W,W6X20,W6X20,F,20.0,5.87,6.20,6  1/4 ,6.02,6      ,0.260,  1/4 ,  1/8 ,0.365,  3/8 ,0.615,  7/8 ,  9/16,8.25,19.1,41.4,15.0,13.4,2.66,13.3,6.72,4.41,1.5,0.240,113,8.78,4.82,3.07,7.38,1.70,5.84,29.5,35.5,5.298301614668611,19.742760835701763,62.5,1,1
266,W,W6X16,W6X16,F,16.0,4.74,6.28,6  1/4 ,4.03,4      ,0.260,  1/4 ,  1/8 ,0.405,  3/8 ,0.655,  7/8 ,  9/16,4.98,19.1,32.1,11.7,10.2,2.6,4.43,3.39,2.2,0.9670000000000001,0.223,38.2,5.92,2.42,2.24,5.77,1.13,5.88,23.7,27.7,3.415638440923031,14.084829278207124,48.75,1,1
267,W,W6X12,W6X12,F,12.0,3.55,6.03,6      ,4.00,4      ,0.230,  1/4 ,  1/8 ,0.280,  1/4 ,0.530,  3/4 ,  9/16,7.14,21.6,22.1,8.3,7.31,2.49,2.99,2.32,1.5,0.9179999999999999,0.0903,24.7,5.75,1.61,1.52,4.08,1.08,5.75,23.2,27.2,3.2425605881771893,11.201574351127043,34.583333333333336,1,1
270,W,W5X19,W5X19,F,19.0,5.56,5.15,5  1/8 ,5.03,5      ,0.270,  1/4 ,  1/8 ,0.430,  7/16,0.730, 13/16,  7/16,5.85,13.7,26.3,11.6,10.2,2.17,9.13,5.53,3.63,1.28,0.316,50.9,5.94,3.21,2.42,5.73,1.45,4.72,24.4,29.4,4.521217377850547,22.959325931361587,48.333333333333336,1,1
271,W,W5X16,W5X16,F,16.0,4.71,5.01,5      ,5.00,5      ,0.240,  1/4 ,  1/8 ,0.360,  3/8 ,0.660,  3/4 ,  7/16,6.94,15.4,21.4,9.63,8.55,2.13,7.51,4.58,3.0,1.26,0.192,40.6,5.81,2.62,1.99,4.74,1.43,4.65,24.0,29.0,4.450573356321633,19.801706381282738,40.12500000000001,1,1
272,W,W4X13,W4X13,F,13.0,3.83,4.16,4  1/8 ,4.06,4      ,0.280,  1/4 ,  1/8 ,0.345,  3/8 ,0.595,  3/4 ,  1/2 ,5.88,10.6,11.3,6.28,5.46,1.72,3.86,2.92,1.9,1.0,0.151,14.0,3.87,1.36,1.24,3.09,1.16,3.82,19.5,23.6,3.5322010764457406,19.20632984722872,26.166666666666668,1,1
